creation_date,update_date,codigo,nombre,vigencia,familia,tipo_plan,concepto
2026-03-30 22:13:17.28559,2026-03-30 22:13:17.28559,HOLA,COMPROBANTES ADICIONALES, ,SISTEMA DE FACTURACION, ,COMPROBANTES ADICIONALES
2026-03-30 22:13:17.28559,2026-03-30 22:13:17.28559,SF.MAN.S.V2.PRE.,SISTEMA DE FACTURACION VIGENCIA 2 ANOS,2 ANOS,SISTEMA DE FACTURACION,PREMIUM,SIN FIRMA
2026-03-30 22:13:17.28559,2026-03-30 22:13:17.28559,SF.MAN.S.V1.PRE.,SISTEMA DE FACTURACION VIGENCIA 1 ANO,1 ANO,SISTEMA DE FACTURACION,PREMIUM,SIN FIRMA
2026-03-30 22:13:17.28559,2026-03-30 22:13:17.28559,SF.MAN.C.V1.PRE.,SISTEMA DE FACTURACION VIGENCIA 1 ANO,1 ANO,SISTEMA DE FACTURACION,PREMIUM,CON FIRMA
2026-03-30 22:13:17.28559,2026-03-30 22:13:17.28559,SF.MAN.C.V2.PRE.,SISTEMA DE FACTURACION VIGENCIA 2 ANOS,2 ANOS,SISTEMA DE FACTURACION,PREMIUM,CON FIRMA
2026-03-30 22:13:17.28559,2026-03-30 22:13:17.28559,SF.MAN.C.V2.MIN.,SISTEMA DE FACTURACION VIGENCIA 2 ANOS,2 ANOS,SISTEMA DE FACTURACION,MINI,CON FIRMA
2026-03-30 22:13:17.28559,2026-03-30 22:13:17.28559,SF.MAN.S.V2.MIN.,SISTEMA DE FACTURACION VIGENCIA 2 ANOS,2 ANOS,SISTEMA DE FACTURACION,MINI,SIN FIRMA
2026-03-30 22:13:17.28559,2026-03-30 22:13:17.28559,SF.MAN.C.V1.MIN.,SISTEMA DE FACTURACION VIGENCIA 1 ANO,1 ANO,SISTEMA DE FACTURACION,MINI,CON FIRMA
2026-03-30 22:13:17.28559,2026-03-30 22:13:17.28559,SF.MAN.S.V1.MIN.,SISTEMA DE FACTURACION VIGENCIA 1 ANO,1 ANO,SISTEMA DE FACTURACION,MINI,SIN FIRMA
2026-03-30 22:13:17.28559,2026-03-30 22:13:17.28559,SF.MAN.C.V2.EST.,SISTEMA DE FACTURACION VIGENCIA 2 ANOS,2 ANOS,SISTEMA DE FACTURACION,ESTANDAR,CON FIRMA
2026-03-30 22:13:17.28559,2026-03-30 22:13:17.28559,SF.MAN.S.V1.EST.,SISTEMA DE FACTURACION VIGENCIA 1 ANO,1 ANO,SISTEMA DE FACTURACION,ESTANDAR,SIN FIRMA
2026-03-30 22:13:17.28559,2026-03-30 22:13:17.28559,SF.MAN.C.V1.EST.,SISTEMA DE FACTURACION VIGENCIA 1 ANO,1 ANO,SISTEMA DE FACTURACION,ESTANDAR,CON FIRMA
2026-03-30 22:13:17.28559,2026-03-30 22:13:17.28559,SF.MAN.S.V2.EST.,SISTEMA DE FACTURACION VIGENCIA 2 ANOS,2 ANOS,SISTEMA DE FACTURACION,ESTANDAR,SIN FIRMA
2026-03-30 22:13:17.28559,2026-03-30 22:13:17.28559,SF.MAN.S.V2.ESE.,SISTEMA DE FACTURACION VIGENCIA 2 ANOS,2 ANOS,SISTEMA DE FACTURACION,ESENCIAL,SIN FIRMA
2026-03-30 22:13:17.28559,2026-03-30 22:13:17.28559,SF.MAN.C.V1.ESE.,SISTEMA DE FACTURACION VIGENCIA 1 ANO,1 ANO,SISTEMA DE FACTURACION,ESENCIAL,CON FIRMA
2026-03-30 22:13:17.28559,2026-03-30 22:13:17.28559,SF.MAN.S.V1.ESE.,SISTEMA DE FACTURACION VIGENCIA 1 ANO,1 ANO,SISTEMA DE FACTURACION,ESENCIAL,SIN FIRMA
2026-03-30 22:13:17.28559,2026-03-30 22:13:17.28559,SF.MAN.C.V2.ESE.,SISTEMA DE FACTURACION VIGENCIA 2 ANOS,2 ANOS,SISTEMA DE FACTURACION,ESENCIAL,CON FIRMA
2026-03-30 22:13:17.28559,2026-03-30 22:13:17.28559,SF.MAN.C.V1.BAS.,SISTEMA DE FACTURACION VIGENCIA 1 ANO,1 ANO,SISTEMA DE FACTURACION,BASICO,CON FIRMA
2026-03-30 22:13:17.28559,2026-03-30 22:13:17.28559,SF.MAN.S.V1.BAS.,SISTEMA DE FACTURACION VIGENCIA 1 ANO,1 ANO,SISTEMA DE FACTURACION,BASICO,SIN FIRMA
2026-03-30 22:13:17.28559,2026-03-30 22:13:17.28559,SF.MAN.C.V2.BAS.,SISTEMA DE FACTURACION VIGENCIA 2 ANOS,2 ANOS,SISTEMA DE FACTURACION,BASICO,CON FIRMA
2026-03-30 22:13:17.28559,2026-03-30 22:13:17.28559,SF.MAN.S.V2.BAS.,SISTEMA DE FACTURACION VIGENCIA 2 ANOS,2 ANOS,SISTEMA DE FACTURACION,BASICO,SIN FIRMA
2026-03-30 11:56:30.243494,2026-03-30 11:56:30.243494,4810101005,PAQUETE FIRMADO 1000 DOCS, , , , 
2026-03-30 11:56:30.243494,2026-03-30 11:56:30.243494,4810101006,FIRMADO DOC ADICIONAL, , , , 
2026-03-30 11:56:30.243494,2026-03-30 11:56:30.243494,4810101007,INSTALACION SERV DE FIRMA DIGITAL, , , , 
2026-03-30 11:56:30.243494,2026-03-30 11:56:30.243494,4810101096,SOPORTE ADUANA 2, , , , 
2026-03-30 11:56:30.243494,2026-03-30 11:56:30.243494,4810101099,REEMBOLSO EPASS 3003, , , , 
2026-03-30 11:56:30.243494,2026-03-30 11:56:30.243494,4810102001,CERTIFICADO PERSONA NATURAL-CORREO/DOCUMENTOS FIRMADOS Y ENCRIPTADOS-TOKEN PROPIO DEL CLIENTE, , , , 
2026-03-30 11:56:30.243494,2026-03-30 11:56:30.243494,4810102002,CERTIFICADO PERSONA NATURAL-CORREO/DOCUMENTOS FIRMADOS Y ENCRIPTADOS-TOKEN DE SECURITY DATA, , , , 
2026-03-30 11:56:30.243494,2026-03-30 11:56:30.243494,4810102003,CERTIFICADO PERSONA NATURAL-CORREO/DOCUMENTOS FIRMADOS Y ENCRIPTADOS EN TOKEN BIOMETRICO, , , , 
2026-03-30 11:56:30.243494,2026-03-30 11:56:30.243494,4810102004,CERTIFICADO PERSONA NATURAL-CORREO/DOCUMENTOS FIRMADOS Y ENCRIPTADOS-SOFTWARE, , , , 
2026-03-30 11:56:30.243494,2026-03-30 11:56:30.243494,4810102005,CERTIFICADO DE PERSONA NATURAL-CORREO/DOCUMENTOS FIRMADOS Y ENCRIPTADOS-ROAMING INCL SOFTWARE, , , , 
2026-03-30 11:56:30.243494,2026-03-30 11:56:30.243494,4810103001,CERTIFICADO DE PERSONA NATURAL-CONEXIONES SEGURAS WEB-TOKEN PROPIO DEL CLIENTE, , , , 
2026-03-30 11:56:30.243494,2026-03-30 11:56:30.243494,4810103002,CERTIFICADO DE PERSONA NATURAL-CONEXIONES SEGURAS WEB-TOKEN DE SECURITY DATA, , , , 
2026-03-30 11:56:30.243494,2026-03-30 11:56:30.243494,4810103003,CERTIFICADO DE PERSONA NATURAL-CONEXIONES SEGURAS WEB-TOKEN BIOMETRICO, , , , 
2026-03-30 11:56:30.243494,2026-03-30 11:56:30.243494,4810103004,CERTIFICADO DE PERSONA NATURAL-CONEXIONES SEGURAS WEB-SOFTWARE, , , , 
2026-03-30 11:56:30.243494,2026-03-30 11:56:30.243494,4810201001,CERTIFICADO PERSONA JURIDICA-CORREO/DOCUMENTOS FIRMADOS-TOKEN  PROPIO DEL CLIENTE, , , , 
2026-03-30 11:56:30.243494,2026-03-30 11:56:30.243494,4810201002,CERTIFICADO PERSONA JURIDICA-CORREO/DOCUMENTOS FIRMADOS-TOKEN DE SECURITY DATA, , , , 
2026-03-30 11:56:30.243494,2026-03-30 11:56:30.243494,4810201003,CERTIFICADO PERSONA JURIDICA-CORREO/DOCUMENTOS FIRMADOS-TOKEN BIOMETRICO, , , , 
2026-03-30 11:56:30.243494,2026-03-30 11:56:30.243494,4810201004,CERTIFICADO PERSONA JURIDICA-CORREO/DOCUMENTOS FIRMADOS- SOFTWARE, , , , 
2026-03-30 11:56:30.243494,2026-03-30 11:56:30.243494,4810202001,CERTIFICADO PERSONA JURIDICA-CORREO/DOCUMENTOS FIRMADOS Y ENCRIPTADOS-TOKEN PROPIO DEL CLIENTE, , , , 
2026-03-30 11:56:30.243494,2026-03-30 11:56:30.243494,4810202002,CERTIFICADO PERSONA JURIDICA-CORREO/DOCUMENTOS FIRMADOS Y ENCRIPTADOS-TOKEN DE SECURITY DATA, , , , 
2026-03-30 11:56:30.243494,2026-03-30 11:56:30.243494,4810202003,CERTIFICADO PERSONA JURIDICA-CORREO/DOCUMENTOS FIRMADOS Y ENCRIPTADOS-TOKEN BIOMETRICO, , , , 
2026-03-30 11:56:30.243494,2026-03-30 11:56:30.243494,4810202004,CERTIFICADO PERSONA JURIDICA-CORREO/DOCUMENTOS FIRMADOS Y ENCRIPTADOS-SOFTWARE, , , , 
2026-03-30 11:56:30.243494,2026-03-30 11:56:30.243494,4810202005,CERTIFICADO DE PERSONA JURIDICA-CORREO/DOCUMENTOS FIRMADOS Y ENCRIPTADOS-ROAMING INCL SOFTWARE, , , , 
2026-03-30 11:56:30.243494,2026-03-30 11:56:30.243494,4810203001,CERTIFICADO DE PERSONA JURIDICA-CONEXIONES SEGURAS WEB-TOKEN PROPIO DEL CLIENTE, , , , 
2026-03-30 11:56:30.243494,2026-03-30 11:56:30.243494,4810203002,CERTIFICADO DE PERSONA JURIDICA-CONEXIONES SEGURAS WEB-TOKEN DE SECURITY DATA, , , , 
2026-03-30 11:56:30.243494,2026-03-30 11:56:30.243494,4810203003,CERTIFICADO DE PERSONA JURIDICA-CONEXIONES SEGURAS WEB-TOKEN BIOMETRICO, , , , 
2026-03-30 11:56:30.243494,2026-03-30 11:56:30.243494,4810203004,CERTIFICADO DE PERSONA JURIDICA-CONEXIONES SEGURAS WEB-SOFTWARE, , , , 
2026-03-30 11:56:30.243494,2026-03-30 11:56:30.243494,4810301001,CERTIFICADO REPRESENTANTE LEGAL-CORREO/DOCUMENTOS FIRMADOS-TOKEN  PROPIO DEL CLIENTE, , , , 
2026-03-30 11:56:30.243494,2026-03-30 11:56:30.243494,4810301002,CERTIFICADO REPRESENTANTE LEGAL-CORREO/DOCUMENTOS FIRMADOS-TOKEN DE SECURITY DATA, , , , 
2026-03-30 11:56:30.243494,2026-03-30 11:56:30.243494,4810301003,CERTIFICADO REPRESENTANTE LEGAL-CORREO/DOCUMENTOS FIRMADOS-TOKEN BIOMETRICO, , , , 
2026-03-30 11:56:30.243494,2026-03-30 11:56:30.243494,4810301004,CERTIFICADO REPRESENTANTE LEGAL-CORREO/DOCUMENTOS FIRMADOS- SOFTWARE, , , , 
2026-03-30 11:56:30.243494,2026-03-30 11:56:30.243494,4810302001,CERTIFICADO REPRESENTANTE LEGAL-CORREO/DOCUMENTOS FIRMADOS Y ENCRIPTADOS-TOKEN PROPIO DEL CLIENTE, , , , 
2026-03-30 11:56:30.243494,2026-03-30 11:56:30.243494,4810302002,CERTIFICADO REPRESENTANTE LEGAL-CORREO/DOCUMENTOS FIRMADOS Y ENCRIPTADOS-TOKEN DE SECURITY DATA, , , , 
2026-03-30 11:56:30.243494,2026-03-30 11:56:30.243494,4810302003,CERTIFICADO REPRESENTANTE LEGAL-CORREO/DOCUMENTOS FIRMADOS Y ENCRIPTADOS-TOKEN BIOMETRICO, , , , 
2026-03-30 11:56:30.243494,2026-03-30 11:56:30.243494,4810302004,CERTIFICADO REPRESENTANTE LEGAL-CORREO/DOCUMENTOS FIRMADOS Y ENCRIPTADOS-SOFTWARE, , , , 
2026-03-30 11:56:30.243494,2026-03-30 11:56:30.243494,4810302005,CERTIFICADO DE REPRESENTANTE LEGAL-CORREO/DOCUMENTOS FIRMADOS Y ENCRIPTADOS-ROAMING INCL SOFTWARE, , , , 
2026-03-30 11:56:30.243494,2026-03-30 11:56:30.243494,4810303001,CERTIFICADO DE REPRESENTANTE LEGAL-CONEXIONES SEGURAS WEB-TOKEN PROPIO DEL CLIENTE, , , , 
2026-03-30 11:56:30.243494,2026-03-30 11:56:30.243494,4810303002,CERTIFICADO DE REPRESENTANTE LEGAL-CONEXIONES SEGURAS WEB-TOKEN DE SECURITY DATA, , , , 
2026-03-30 11:56:30.243494,2026-03-30 11:56:30.243494,4810303003,CERTIFICADO DE REPRESENTANTE LEGAL-CONEXIONES SEGURAS WEB-TOKEN BIOMETRICO, , , , 
2026-03-30 11:56:30.243494,2026-03-30 11:56:30.243494,4810303004,CERTIFICADO DE REPRESENTANTE LEGAL-CONEXIONES SEGURAS WEB-SOFTWARE, , , , 
2026-03-30 11:56:30.243494,2026-03-30 11:56:30.243494,4810401001,CERTIFICADO FUNCIONARIO DE EMPRESA-CORREO/DOCUMENTOS FIRMADOS-TOKEN  PROPIO DEL CLIENTE, , , , 
2026-03-30 11:56:30.243494,2026-03-30 11:56:30.243494,4810401002,CERTIFICADO FUNCIONARIO DE EMPRESA-CORREO/DOCUMENTOS FIRMADOS-TOKEN DE SECURITY DATA, , , , 
2026-03-30 11:56:30.243494,2026-03-30 11:56:30.243494,4810401003,CERTIFICADO FUNCIONARIO DE EMPRESA-CORREO/DOCUMENTOS FIRMADOS-TOKEN BIOMETRICO, , , , 
2026-03-30 11:56:30.243494,2026-03-30 11:56:30.243494,120101003,EPASS 2000, ,TOKEN, ,TOKEN
2026-03-30 11:56:30.243494,2026-03-30 11:56:30.243494,120102001,WEB CERTIFICATES, ,TOKEN, ,TOKEN
2026-03-30 11:56:30.243494,2026-03-30 11:56:30.243494,4810101095,CERTIFICADO WEB, ,TOKEN, ,TOKEN
2026-03-30 11:56:30.243494,2026-03-30 11:56:30.243494,4810401004,CERTIFICADO FUNCIONARIO DE EMPRESA-CORREO/DOCUMENTOS FIRMADOS- SOFTWARE, , , , 
2026-03-30 11:56:30.243494,2026-03-30 11:56:30.243494,4810402001,CERTIFICADO FUNCIONARIO DE EMPRESA-CORREO/DOCUMENTOS FIRMADOS Y ENCRIPTADOS-TOKEN PROPIO DEL CLIENTE, , , , 
2026-03-30 11:56:30.243494,2026-03-30 11:56:30.243494,4810402002,CERTIFICADO FUNCIONARIO DE EMPRESA-CORREO/DOCUMENTOS FIRMADOS Y ENCRIPTADOS-TOKEN DE SECURITY DATA, , , , 
2026-03-30 11:56:30.243494,2026-03-30 11:56:30.243494,4810402003,CERTIFICADO FUNCIONARIO DE EMPRESA-CORREO/DOCUMENTOS FIRMADOS Y ENCRIPTADOS-TOKEN BIOMETRICO, , , , 
2026-03-30 11:56:30.243494,2026-03-30 11:56:30.243494,4810402004,CERTIFICADO FUNCIONARIO DE EMPRESA-CORREO/DOCUMENTOS FIRMADOS Y ENCRIPTADOS-SOFTWARE, , , , 
2026-03-30 11:56:30.243494,2026-03-30 11:56:30.243494,4810402005,CERTIFICADO DE FUNCIONARIO DE EMPRESA-CORREO/DOCUMENTOS FIRMADOS Y ENCRIPTADOS-ROAMING INCL SOFTWARE, ,CERTIFICADOS, , 
2026-03-30 11:56:30.243494,2026-03-30 11:56:30.243494,4810403001,CERTIFICADO DE FUNCIONARIO DE EMPRESA-CONEXIONES SEGURAS WEB-TOKEN PROPIO DEL CLIENTE, , , , 
2026-03-30 11:56:30.243494,2026-03-30 11:56:30.243494,4810403002,CERTIFICADO DE FUNCIONARIO DE EMPRESA-CONEXIONES SEGURAS WEB-TOKEN DE SECURITY DATA, , , , 
2026-03-30 11:56:30.243494,2026-03-30 11:56:30.243494,4810403003,CERTIFICADO DE FUNCIONARIO DE EMPRESA-CONEXIONES SEGURAS WEB-TOKEN BIOMETRICO, , , , 
2026-03-30 11:56:30.243494,2026-03-30 11:56:30.243494,4810403004,CERTIFICADO DE FUNCIONARIO DE EMPRESA-CONEXIONES SEGURAS WEB-SOFTWARE, , , , 
2026-03-30 11:56:30.243494,2026-03-30 11:56:30.243494,4810501001,SOPORTE DENTRO DE LA CIUDAD, ,SOPORTE, , 
2026-03-30 11:56:30.243494,2026-03-30 11:56:30.243494,4810501002,SOPORTE TECNICO, ,SOPORTE, , 
2026-03-30 11:56:30.243494,2026-03-30 11:56:30.243494,4810501003,SOPORTE FUERA DE LA CIUDAD, ,SOPORTE, , 
2026-03-30 11:56:30.243494,2026-03-30 11:56:30.243494,4810501005,SOPORTE POR HORA ECUAPASS, ,SOPORTE, , 
2026-03-30 11:56:30.243494,2026-03-30 11:56:30.243494,4810501006,SOPORTE DESBLOQUEO, ,SOPORTE, , 
2026-03-30 11:56:30.243494,2026-03-30 11:56:30.243494,4810501007,VALIDACION DE IDENTIDAD POR SKYPE DENTRO DEL PAIS, ,FIRMAS ELECTRONICAS, , 
2026-03-30 11:56:30.243494,2026-03-30 11:56:30.243494,4810501008,VALIDACION DE IDENTIDAD POR SKYPE FUERA PAIS, , , , 
2026-03-30 11:56:30.243494,2026-03-30 11:56:30.243494,4810501009,SOPORTE DESBLOQUEO REMOTO, ,SOPORTE, , 
2026-03-30 11:56:30.243494,2026-03-30 11:56:30.243494,4810501010,HORA DE SOPORTE TECNICO ESPECIALIZADO, ,SOPORTE, , 
2026-03-30 11:56:30.243494,2026-03-30 11:56:30.243494,4810501011,ACTUALIZACION DE DATOS, ,FIRMAS ELECTRONICAS, , 
2026-03-30 11:56:30.243494,2026-03-30 11:56:30.243494,4810501012,SERVICIO HORAS DE DESARROLLO, ,SOPORTE, , 
2026-03-30 11:56:30.243494,2026-03-30 11:56:30.243494,4810501013,DESBLOQUEO ARCHIVO, , , , 
2026-03-30 11:56:30.243494,2026-03-30 11:56:30.243494,4810501014,SOPORTE PLUS DENTRO DE LA CIUDAD, , , , 
2026-03-30 11:56:30.243494,2026-03-30 11:56:30.243494,4810501015,SOPORTE PLUS FUERA DE LA CIUDAD, , , , 
2026-03-30 11:56:30.243494,2026-03-30 11:56:30.243494,4810501016,COMPACT DISC, , , , 
2026-03-30 11:56:30.243494,2026-03-30 11:56:30.243494,4810501017,CERTIFICADO ADMINISTRABLE, ,CERTIFICADOS, , 
2026-03-30 11:56:30.243494,2026-03-30 11:56:30.243494,4810501018,VIDEO EXPRESS, , , , 
2026-03-30 11:56:30.243494,2026-03-30 11:56:30.243494,4810501019,CAPACITACION, , , , 
2026-03-30 11:56:30.243494,2026-03-30 11:56:30.243494,4810501020,SERVICIO DE FIRMA ELECTRONICA, , , , 
2026-03-30 11:56:30.243494,2026-03-30 11:56:30.243494,4810502001,CERTIFICADO FUNCIONARIO PUBLICO-CORREO/DOCUMENTOS FIRMADOS Y ENCRIPTADOS-TOKEN PROPIO DEL CLIENTE, , , , 
2026-03-30 11:56:30.243494,2026-03-30 11:56:30.243494,4810502002,CERTIFICADO FUNCIONARIO PUBLICO-CORREO/DOCUMENTOS FIRMADOS Y ENCRIPTADOS-TOKEN DE SECURITY DATA, , , , 
2026-03-30 11:56:30.243494,2026-03-30 11:56:30.243494,4810502003,CERTIFICADO FUNCIONARIO PUBLICO-CORREO/DOCUMENTOS FIRMADOS Y ENCRIPTADOS-TOKEN BIOMETRICO, , , , 
2026-03-30 11:56:30.243494,2026-03-30 11:56:30.243494,4810502004,IMPLEMENTACION DE FIRMAS ELECTRONICAS  CONTRATO 63-2012, , , , 
2026-03-30 11:56:30.243494,2026-03-30 11:56:30.243494,4810502005,COMISIONES - REFERENCIA DE CLIENTES, , , , 
2026-03-30 11:56:30.243494,2026-03-30 11:56:30.243494,4810502006,SERVICIO ADMINISTRATIVO, ,OTROS SERVICIOS, , 
2026-03-30 11:56:30.243494,2026-03-30 11:56:30.243494,4810503001,CERTIFICADO DE FUNCIONARIO PUBLICO-CONEXIONES SEGURAS WEB-TOKEN PROPIO DEL CLIENTE, , , , 
2026-03-30 11:56:30.243494,2026-03-30 11:56:30.243494,4810503002,CERTIFICADO DE FUNCIONARIO PUBLICO-CONEXIONES SEGURAS WEB-TOKEN DE SECURITY DATA, , , , 
2026-03-30 11:56:30.243494,2026-03-30 11:56:30.243494,4810503003,CERTIFICADO DE FUNCIONARIO PUBLICO-CONEXIONES SEGURAS WEB-TOKEN BIOMETRICO, , , , 
2026-03-30 11:56:30.243494,2026-03-30 11:56:30.243494,4810503004,CERTIFICADO DE FUNCIONARIO PUBLICO-CONEXIONES SEGURAS WEB-SOFTWARE, , , , 
2026-03-30 11:56:30.243494,2026-03-30 11:56:30.243494,4810504001,CONTRATO ELECTRONICO, ,CONTRATOS, , 
2026-03-30 11:56:30.243494,2026-03-30 11:56:30.243494,4810601001,CERTIFICADO SSL, , , , 
2026-03-30 11:56:30.243494,2026-03-30 11:56:30.243494,4810601009,SANS DE CERTIFICADO SSL, , , , 
2026-03-30 11:56:30.243494,2026-03-30 11:56:30.243494,4810602001,CERTIFICADO TELCONET - COMODO, , , , 
2026-03-30 11:56:30.243494,2026-03-30 11:56:30.243494,4810701001,TIME STAMPING POR 1 MES,1 MES, , , 
2026-03-30 11:56:30.243494,2026-03-30 11:56:30.243494,4810701002,TIME STAMPING POR 3 MESES,3 MESES, , , 
2026-03-30 11:56:30.243494,2026-03-30 11:56:30.243494,4810701003,TIME STAMPING POR 6 MESES,6 MESES, , , 
2026-03-30 11:56:30.243494,2026-03-30 11:56:30.243494,4810701004,TIME STAMPING POR 12 MESES,12 MESES, , , 
2026-03-30 11:56:30.243494,2026-03-30 11:56:30.243494,4820101001,RENOVACION DE CERTIFICADOS, , , , 
2026-03-30 11:56:30.243494,2026-03-30 11:56:30.243494,4820101002,NOTIFICACIONES CERTIFICADAS, , , , 
2026-03-30 11:56:30.243494,2026-03-30 11:56:30.243494,4820101003,REEMISION DE CERTIFICADOS DE FIRMA Y ENCRIPTACION DE CORREO/DOCUMENTOS, , , , 
2026-03-30 11:56:30.243494,2026-03-30 11:56:30.243494,4820201001,CURSO DE FACTURACION ELECTRONICA, , , , 
2026-03-30 11:56:30.243494,2026-03-30 11:56:30.243494,4830101001,LICENCIA ESTANDAR INCLUYE FIRMADOR  VALIDADOR DE FACTURAS  CALCULADORA Y ADMINISTRACION TOKEN, , , , 
2026-03-30 11:56:30.243494,2026-03-30 11:56:30.243494,4830101002,LICENCIA ENTERPRISE INCLLUYE LA VERSION ESTANDAR Y SOFTWARE DE MANEJO DOCUMENTAL, , , , 
2026-03-30 11:56:30.243494,2026-03-30 11:56:30.243494,4830201001,MENOR A 1000 FACTURAS POR TRANSACCION, , , , 
2026-03-30 11:56:30.243494,2026-03-30 11:56:30.243494,4830201002,ENTRE 1001 Y 10000 FACTURAS POR TRANSACCION, , , , 
2026-03-30 11:56:30.243494,2026-03-30 11:56:30.243494,4830201003,ENTRE 10001 Y 25000 FACTURAS POR TRANSACCION, , , , 
2026-03-30 11:56:30.243494,2026-03-30 11:56:30.243494,4830201004,ENTRE 25001 Y 100000 FACTURAS POR TRANSACCION, , , , 
2026-03-30 11:56:30.243494,2026-03-30 11:56:30.243494,4830201005,MAYOR A 100000 FACTURAS POR TRANSACCION, , , , 
2026-03-30 11:56:30.243494,2026-03-30 11:56:30.243494,4830301001,LICENCIA E-POLIZA, , , , 
2026-03-30 11:56:30.243494,2026-03-30 11:56:30.243494,4830301002,MENOR A 1000 POLIZAS POR TRANSACCION, , , , 
2026-03-30 11:56:30.243494,2026-03-30 11:56:30.243494,4830301003,ENTRE 1001 Y 10000 POLIZAS POR TRANSACCION, , , , 
2026-03-30 11:56:30.243494,2026-03-30 11:56:30.243494,4830301004,ENTRE 10001 Y 25000 POLIZAS POR TRANSACCION, , , , 
2026-03-30 11:56:30.243494,2026-03-30 11:56:30.243494,4830301005,ENTRE 25001 Y 100000 POLIZAS POR TRANSACCION, , , , 
2026-03-30 11:56:30.243494,2026-03-30 11:56:30.243494,4830301006,MAYOR A 100000 POLIZAS POR TRANSACCION, , , , 
2026-03-30 11:56:30.243494,2026-03-30 11:56:30.243494,4830401001,FACTURACION ELECTRONICA DE 1 A 12000, , , , 
2026-03-30 11:56:30.243494,2026-03-30 11:56:30.243494,4830401002,FACTURACION ELECTRONICA DE 12001 A 60000, , , , 
2026-03-30 11:56:30.243494,2026-03-30 11:56:30.243494,4830401003,FACTURACION ELECTRONICA DE 60001 A 120000, , , , 
2026-03-30 11:56:30.243494,2026-03-30 11:56:30.243494,4830401004,FACTURACION ELECTRONICA DE 120001 A 300000, , , , 
2026-03-30 11:56:30.243494,2026-03-30 11:56:30.243494,4830401005,FACTURACION ELECTRONICA DE 300001 EN ADELANTE, , , , 
2026-03-30 11:56:30.243494,2026-03-30 11:56:30.243494,4810501022,ATENCION PREFERENCIAL, ,FIRMAS ELECTRONICAS, ,FIRMAS AGENTES
2026-03-30 11:56:30.243494,2026-03-30 11:56:30.243494,4880105002,SOPORTE CERT. WEB SERCOP 2, , , , 
2026-03-30 11:56:30.243494,2026-03-30 11:56:30.243494,4880105003,SOPORTE CERT. WEB SERCOP 3, , , , 
2026-03-30 11:56:30.243494,2026-03-30 11:56:30.243494,4830402057,FACTURACION FUNCIONARIOS (2 ANOS),2 ANOS, , , 
2026-03-30 11:56:30.243494,2026-03-30 11:56:30.243494,4830402058,FACTURACION QUIPUX PROMOCION (2 ANOS),2 ANOS, , , 
2026-03-30 11:56:30.243494,2026-03-30 11:56:30.243494,4830402062,FIRMA ELETRONICA VIGENCIA 3 MESES,3 MESES, , , 
2026-03-30 11:56:30.243494,2026-03-30 11:56:30.243494,4840101001,Z1 SECURE MAIL POR CUENTA POR MES, , , , 
2026-03-30 11:56:30.243494,2026-03-30 11:56:30.243494,4850101001,DE 1 A 50 LICENCIAS  PRECIO POR LICENCIA, , , , 
2026-03-30 11:56:30.243494,2026-03-30 11:56:30.243494,4850101002,DE 51 A 100 LICENCIAS PRECIO POR LICENCIA, , , , 
2026-03-30 11:56:30.243494,2026-03-30 11:56:30.243494,4850101003,ILIMITADO PRECIO TOTAL, , , , 
2026-03-30 11:56:30.243494,2026-03-30 11:56:30.243494,4870101001,SOFTWARE ESP, , , , 
2026-03-30 11:56:30.243494,2026-03-30 11:56:30.243494,4870101002,SERVICIO SELLADO DE TIEMPO, , , , 
2026-03-30 11:56:30.243494,2026-03-30 11:56:30.243494,4880108001,SOPORTE SRI Y YO, ,SOPORTE, , 
2026-03-30 11:56:30.243494,2026-03-30 11:56:30.243494,4880101003,SOPORTE CERT. BAJO VOL 3, ,SOPORTE, , 
2026-03-30 11:56:30.243494,2026-03-30 11:56:30.243494,4880102001,SOPORTE CERT. BAJO VOL 1, , , , 
2026-03-30 11:56:30.243494,2026-03-30 11:56:30.243494,4880102002,SOPORTE CERT. BAJO VOL 2, , , , 
2026-03-30 11:56:30.243494,2026-03-30 11:56:30.243494,4880102004,SOPORTE CERT. BAJO VOL 4, , , , 
2026-03-30 11:56:30.243494,2026-03-30 11:56:30.243494,4880102005,SOPORTE CERT. BAJO VOL 5, , , , 
2026-03-30 11:56:30.243494,2026-03-30 11:56:30.243494,4880102006,SOPORTE CERT. BAJO VOL 6, , , , 
2026-03-30 11:56:30.243494,2026-03-30 11:56:30.243494,4880102007,SOPORTE CERT. BAJO VOL 6 MESES,6 MESES, , , 
2026-03-30 11:56:30.243494,2026-03-30 11:56:30.243494,4880103001,SOPORTE CERT. MEDIANO VOL 1, , , , 
2026-03-30 11:56:30.243494,2026-03-30 11:56:30.243494,4830402059,FIRMA ELECTRONICA VIGENCIA1 MES,1 MES,FIRMAS ELECTRONICAS, ,ARCHIVO
2026-03-30 11:56:30.243494,2026-03-30 11:56:30.243494,4830402060,FIRMA ELECTRONICA VIGENCIA 2 ANOS,2 ANOS,FIRMAS ELECTRONICAS, ,ARCHIVO
2026-03-30 11:56:30.243494,2026-03-30 11:56:30.243494,4830407010,CONV. FIRMA ELECT 4 ANOS,4 ANOS,FIRMAS ELECTRONICAS, ,ARCHIVO
2026-03-30 11:56:30.243494,2026-03-30 11:56:30.243494,4830404001,FIRMA ELEC. BAJO VOL.1 ANO,1 ANO,FIRMAS ELECTRONICAS, ,ARCHIVO
2026-03-30 11:56:30.243494,2026-03-30 11:56:30.243494,4830404002,FIRMA ELEC. BAJO VOL.2 ANOS,2 ANOS,FIRMAS ELECTRONICAS, ,ARCHIVO
2026-03-30 11:56:30.243494,2026-03-30 11:56:30.243494,4830404003,FIRMA ELEC. BAJO VOL.3 ANOS,3 ANOS,FIRMAS ELECTRONICAS, ,ARCHIVO
2026-03-30 11:56:30.243494,2026-03-30 11:56:30.243494,4830406004,FIRMA ELEC. ALTO VOL.4 ANOS,4 ANOS,FIRMAS ELECTRONICAS, ,ARCHIVO
2026-03-30 11:56:30.243494,2026-03-30 11:56:30.243494,4830406005,FIRMA ELEC. ALTO VOL.5 ANOS,5 ANOS,FIRMAS ELECTRONICAS, ,ARCHIVO
2026-03-30 11:56:30.243494,2026-03-30 11:56:30.243494,4830407001,FIRMA EN ARCHIVO ON LINE (1 MES),1 MES,FIRMAS ELECTRONICAS, ,ARCHIVO
2026-03-30 11:56:30.243494,2026-03-30 11:56:30.243494,4830407002,FIRMA EN ARCHIVO ON LINE (1ANO), ,FIRMAS ELECTRONICAS, ,ARCHIVO
2026-03-30 11:56:30.243494,2026-03-30 11:56:30.243494,4830407003,FIRMA EN ARCHIVO ON LINE (2 ANOS),2 ANOS,FIRMAS ELECTRONICAS, ,ARCHIVO
2026-03-30 11:56:30.243494,2026-03-30 11:56:30.243494,4830407004,FIRMA EN ARCHIVO ON LINE (3 ANOS),3 ANOS,FIRMAS ELECTRONICAS, ,ARCHIVO
2026-03-30 11:56:30.243494,2026-03-30 11:56:30.243494,4830407005,FIRMA EN ARCHIVO ON LINE (4 ANOS),4 ANOS,FIRMAS ELECTRONICAS, ,ARCHIVO
2026-03-30 11:56:30.243494,2026-03-30 11:56:30.243494,4830407006,FIRMA EN ARCHIVO ON LINE (5 ANOS),5 ANOS,FIRMAS ELECTRONICAS, ,ARCHIVO
2026-03-30 11:56:30.243494,2026-03-30 11:56:30.243494,4830407007,CONV. FIRMA ELECT 1 ANO,1 ANO,FIRMAS ELECTRONICAS, ,ARCHIVO
2026-03-30 11:56:30.243494,2026-03-30 11:56:30.243494,4830407008,CONV. FIRMA ELECT 2 ANOS,2 ANOS,FIRMAS ELECTRONICAS, ,ARCHIVO
2026-03-30 11:56:30.243494,2026-03-30 11:56:30.243494,4830407009,CONV. FIRMA ELECT 3 ANOS,3 ANOS,FIRMAS ELECTRONICAS, ,ARCHIVO
2026-03-30 11:56:30.243494,2026-03-30 11:56:30.243494,4880102003,SOPORTE CERT. WEB ADUANA 3, ,FIRMAS ELECTRONICAS, ,TOKEN
2026-03-30 11:56:30.243494,2026-03-30 11:56:30.243494,4880101006,SOPORTE CERT. WEB ADUANA 6, ,FIRMAS ELECTRONICAS, ,TOKEN
2026-03-30 11:56:30.243494,2026-03-30 11:56:30.243494,4880101005,SOPORTE CERT. WEB ADUANA 5, ,FIRMAS ELECTRONICAS, ,TOKEN
2026-03-30 11:56:30.243494,2026-03-30 11:56:30.243494,4880101004,SOPORTE CERT. WEB ADUANA 4, ,FIRMAS ELECTRONICAS, ,TOKEN
2026-03-30 11:56:30.243494,2026-03-30 11:56:30.243494,4880101002,SOPORTE CERT. WEB ADUANA 2, ,FIRMAS ELECTRONICAS, ,TOKEN
2026-03-30 11:56:30.243494,2026-03-30 11:56:30.243494,4880101001,SOPORTE CERT. WEB ADUANA 1, ,FIRMAS ELECTRONICAS, ,TOKEN
2026-03-30 11:56:30.243494,2026-03-30 11:56:30.243494,4830408008,UPGRADE DE 75 A 350, ,SISTEMA DE FACTURACION, ,UPGRADE
2026-03-30 11:56:30.243494,2026-03-30 11:56:30.243494,4830408009,UPGRADE DE 75 A ILIMITADO, ,SISTEMA DE FACTURACION, ,UPGRADE
2026-03-30 11:56:30.243494,2026-03-30 11:56:30.243494,4830408010,UPGRADE DE 150 A ILIMITADO, ,SISTEMA DE FACTURACION, ,UPGRADE
2026-03-30 11:56:30.243494,2026-03-30 11:56:30.243494,4830408002,UPGRADE 150, ,SISTEMA DE FACTURACION, ,UPGRADE
2026-03-30 11:56:30.243494,2026-03-30 11:56:30.243494,4830408001,UPGRADE 75, ,SISTEMA DE FACTURACION, ,UPGRADE
2026-03-30 11:56:30.243494,2026-03-30 11:56:30.243494,4830408004,UPGRADE ILIMITADO, ,SISTEMA DE FACTURACION, ,UPGRADE
2026-03-30 11:56:30.243494,2026-03-30 11:56:30.243494,4830408003,UPGRADE 350, ,SISTEMA DE FACTURACION, ,UPGRADE
2026-03-30 11:56:30.243494,2026-03-30 11:56:30.243494,4830408005,UPGRADE DE 25 A 150, ,SISTEMA DE FACTURACION, ,UPGRADE
2026-03-30 11:56:30.243494,2026-03-30 11:56:30.243494,4830408006,UPGRADE DE 25 A 350, ,SISTEMA DE FACTURACION, ,UPGRADE
2026-03-30 11:56:30.243494,2026-03-30 11:56:30.243494,4830408007,UPGRADE DE 25 A ILIMITADO, ,SISTEMA DE FACTURACION, ,UPGRADE
2026-03-30 11:56:30.243494,2026-03-30 11:56:30.243494,4880103002,SOPORTE CERT. MEDIANO VOL 2, , , , 
2026-03-30 11:56:30.243494,2026-03-30 11:56:30.243494,4880103003,SOPORTE CERT. MEDIANO VOL 3, , , , 
2026-03-30 11:56:30.243494,2026-03-30 11:56:30.243494,4880103004,SOPORTE CERT. MEDIANO VOL 4, , , , 
2026-03-30 11:56:30.243494,2026-03-30 11:56:30.243494,4880103005,SOPORTE CERT. MEDIANO VOL 5, , , , 
2026-03-30 11:56:30.243494,2026-03-30 11:56:30.243494,4880103006,CERT MEDIANO VOL 6 ANOS,6 ANOS, , , 
2026-03-30 11:56:30.243494,2026-03-30 11:56:30.243494,4880104001,SOPORTE CERT. ALTO VOL 1, , , , 
2026-03-30 11:56:30.243494,2026-03-30 11:56:30.243494,4880104002,SOPORTE CERT. ALTO VOL 2, , , , 
2026-03-30 11:56:30.243494,2026-03-30 11:56:30.243494,4880104003,SOPORTE CERT. ALTO VOL 3, , , , 
2026-03-30 11:56:30.243494,2026-03-30 11:56:30.243494,4880104004,SOPORTE CERT. ALTO VOL 4, , , , 
2026-03-30 11:56:30.243494,2026-03-30 11:56:30.243494,4880104005,SOPORTE CERT. ALTO VOL 5, , , , 
2026-03-30 11:56:30.243494,2026-03-30 11:56:30.243494,4880104006,SOPORTE CERT. ALTO VOL 6, , , , 
2026-03-30 11:56:30.243494,2026-03-30 11:56:30.243494,4880105001,SOPORTE CERT. WEB SERCOP 1, , , , 
2026-03-30 11:56:30.243494,2026-03-30 11:56:30.243494,4880105004,SOPORTE CERT. WEB SERCOP 4, , , , 
2026-03-30 11:56:30.243494,2026-03-30 11:56:30.243494,4880105005,SOPORTE CERT. WEB SERCOP 5, , , , 
2026-03-30 11:56:30.243494,2026-03-30 11:56:30.243494,4880105006,SOPORTE CERT. WEB SERCOP 6, , , , 
2026-03-30 11:56:30.243494,2026-03-30 11:56:30.243494,4880106001,SOPORTE CERT. WEB QUIPUX, , , , 
2026-03-30 11:56:30.243494,2026-03-30 11:56:30.243494,4880106002,SOPORTE CERT. WEB QUIPUX 2, , , , 
2026-03-30 11:56:30.243494,2026-03-30 11:56:30.243494,4880106003,SOPORTE CERT. WEB QUIPUX 3, , , , 
2026-03-30 11:56:30.243494,2026-03-30 11:56:30.243494,4880106004,SOPORTE CERT. WEB QUIPUX 4, , , , 
2026-03-30 11:56:30.243494,2026-03-30 11:56:30.243494,4880106005,SOPORTE CERT. WEB QUIPUX 5, , , , 
2026-03-30 11:56:30.243494,2026-03-30 11:56:30.243494,4880106006,SOPORTE CERT. WEB QUIPUX 6, , , , 
2026-03-30 11:56:30.243494,2026-03-30 11:56:30.243494,4880107001,SOPORTE CERT. WEB ORIGEN 1, , , , 
2026-03-30 11:56:30.243494,2026-03-30 11:56:30.243494,4880107002,SOPORTE CERT. WEB ORIGEN 2, , , , 
2026-03-30 11:56:30.243494,2026-03-30 11:56:30.243494,4880107003,SOPORTE CERT. WEB ORIGEN 3, , , , 
2026-03-30 11:56:30.243494,2026-03-30 11:56:30.243494,4880107004,SOPORTE CERT. WEB ORIGEN 4, , , , 
2026-03-30 11:56:30.243494,2026-03-30 11:56:30.243494,4880107005,SOPORTE CERT. WEB ORIGEN 5, , , , 
2026-03-30 11:56:30.243494,2026-03-30 11:56:30.243494,4880107007,SOPORTE BAJO VOLUMEN MEDICOS 1 ANO,1 ANO, , , 
2026-03-30 11:56:30.243494,2026-03-30 11:56:30.243494,4880107008,SOPORTE BAJO VOLUMEN MEDICOS 2 ANOS,2 ANOS, , , 
2026-03-30 11:56:30.243494,2026-03-30 11:56:30.243494,4880107009,SOPORTE BAJO VOLUMEN MEDICOS 3 ANOS,3 ANOS, , , 
2026-03-30 11:56:30.243494,2026-03-30 11:56:30.243494,4880107010,SOPORTE BAJO VOLUMEN MEDICOS 4 ANOS,4 ANOS, , , 
2026-03-30 11:56:30.243494,2026-03-30 11:56:30.243494,4880107011,SOPORTE BAJO VOLUMEN MEDICOS 5 ANOS,5 ANOS, , , 
2026-03-30 11:56:30.243494,2026-03-30 11:56:30.243494,4880107012,SOPORTE BAJO VOLUMEN MEDICOS 6 ANOS,6 ANOS, , , 
2026-03-30 11:56:30.243494,2026-03-30 11:56:30.243494,4880201006,RENOVACION CERT. WEB 6 ANOS,6 ANOS, , , 
2026-03-30 11:56:30.243494,2026-03-30 11:56:30.243494,4880202001,RENOVACION QUIPUX 1 ANO,1 ANO, , , 
2026-03-30 11:56:30.243494,2026-03-30 11:56:30.243494,4880202002,RENOVACION QUIPUX 2 ANOS,2 ANOS, , , 
2026-03-30 11:56:30.243494,2026-03-30 11:56:30.243494,4880202003,RENOVACION QUIPUX 3 ANOS,3 ANOS, , , 
2026-03-30 11:56:30.243494,2026-03-30 11:56:30.243494,4880202004,RENOVACION QUIPUX 4 ANOS,4 ANOS, , , 
2026-03-30 11:56:30.243494,2026-03-30 11:56:30.243494,4880202005,RENOVACION QUIPUX 5 ANOS,5 ANOS, , , 
2026-03-30 11:56:30.243494,2026-03-30 11:56:30.243494,4880202006,RENOVACION QUIPUX 6 ANOS,6 ANOS, , , 
2026-03-30 11:56:30.243494,2026-03-30 11:56:30.243494,4880203002,RENOVACION BAJO VOLUMEN 2 ANO,2 ANO, , , 
2026-03-30 11:56:30.243494,2026-03-30 11:56:30.243494,4880203003,RENOVACION BAJO VOLUMEN 3 ANOS,3 ANOS, , , 
2026-03-30 11:56:30.243494,2026-03-30 11:56:30.243494,4880203004,RENOVACION BAJO VOLUMEN 4 ANOS,4 ANOS, , , 
2026-03-30 11:56:30.243494,2026-03-30 11:56:30.243494,4880203005,RENOVACION BAJO VOLUMEN 5 ANOS,5 ANOS, , , 
2026-03-30 11:56:30.243494,2026-03-30 11:56:30.243494,4880203006,RENOVACION BAJO VOLUMEN 6 ANOS,6 ANOS, , , 
2026-03-30 11:56:30.243494,2026-03-30 11:56:30.243494,4880204001,RENOVACION MEDIANO VOLUMEN 1 ANOS,1 ANOS, , , 
2026-03-30 11:56:30.243494,2026-03-30 11:56:30.243494,4880204002,RENOVACION MEDIANO VOLUMEN 2 ANOS,2 ANOS, , , 
2026-03-30 11:56:30.243494,2026-03-30 11:56:30.243494,4880204003,RENOVACION MEDIANO VOLUMEN 3 ANOS,3 ANOS, , , 
2026-03-30 11:56:30.243494,2026-03-30 11:56:30.243494,4880204004,RENOVACION MEDIANO VOLUMEN 4 ANOS,4 ANOS, , , 
2026-03-30 11:56:30.243494,2026-03-30 11:56:30.243494,4880204005,RENOVACION MEDIANO VOLUMEN 5 ANOS,5 ANOS, , , 
2026-03-30 11:56:30.243494,2026-03-30 11:56:30.243494,4880204006,RENOV. CERT MEDIANO VOL 6 ANO,6 ANO, , , 
2026-03-30 11:56:30.243494,2026-03-30 11:56:30.243494,4880205001,RENOVACION ALTO VOLUMEN 1 ANO,1 ANO, , , 
2026-03-30 11:56:30.243494,2026-03-30 11:56:30.243494,4880205002,RENOVACION ALTO VOLUMEN 2 ANOS,2 ANOS, , , 
2026-03-30 11:56:30.243494,2026-03-30 11:56:30.243494,4880205003,RENOVACION ALTO VOLUMEN 3 ANOS,3 ANOS, , , 
2026-03-30 11:56:30.243494,2026-03-30 11:56:30.243494,4880205004,RENOVACION ALTO VOLUMEN 4 ANOS,4 ANOS, , , 
2026-03-30 11:56:30.243494,2026-03-30 11:56:30.243494,4880205005,RENOVACION ALTO VOLUMEN 5 ANOS,5 ANOS, , , 
2026-03-30 11:56:30.243494,2026-03-30 11:56:30.243494,4880205006,RENOVACION ALTO VOLUMEN 6 ANOS,6 ANOS, , , 
2026-03-30 11:56:30.243494,2026-03-30 11:56:30.243494,4880206001,ROAMING WEB 1 ANO,1 ANO, , , 
2026-03-30 11:56:30.243494,2026-03-30 11:56:30.243494,4880206002,ROAMING WEB 2 ANOS,2 ANOS, , , 
2026-03-30 11:56:30.243494,2026-03-30 11:56:30.243494,4880206003,ROAMING WEB 3 ANOS,3 ANOS, , , 
2026-03-30 11:56:30.243494,2026-03-30 11:56:30.243494,4880206004,ROAMING WEB 4 ANOS,4 ANOS, , , 
2026-03-30 11:56:30.243494,2026-03-30 11:56:30.243494,4880206005,ROAMING WEB 5 ANOS,5 ANOS, , , 
2026-03-30 11:56:30.243494,2026-03-30 11:56:30.243494,4880206006,ROAMING WEB 6 ANOS,6 ANOS, , , 
2026-03-30 11:56:30.243494,2026-03-30 11:56:30.243494,4880207002,ENVIO INTERNACIONAL, ,FIRMAS ELECTRONICAS, , 
2026-03-30 11:56:30.243494,2026-03-30 11:56:30.243494,6120201082,ADECUACION OFICINA ALBAN BORJA, , , , 
2026-03-30 11:56:30.243494,2026-03-30 11:56:30.243494,7110102002,ACTIVOS FIJOS VARIOS, ,GESTION DE ACTIVOS, , 
2026-03-30 11:56:30.243494,2026-03-30 11:56:30.243494,7110102003,REEMBOLSO DE GASTOS, , , , 
2026-03-30 11:56:30.243494,2026-03-30 11:56:30.243494,4880208003,RENOVACION FIRMA ARCHIVO 3 ANOS,3 ANOS,FIRMAS ELECTRONICAS, ,ARCHIVO
2026-03-30 11:56:30.243494,2026-03-30 11:56:30.243494,4880208002,RENOVACION FIRMA ARCHIVO 2 ANOS,2 ANOS,FIRMAS ELECTRONICAS, ,ARCHIVO
2026-03-30 11:56:30.243494,2026-03-30 11:56:30.243494,4880208001,RENOVACION FIRMA ARCHIVO 1 ANO,1 ANO,FIRMAS ELECTRONICAS, ,ARCHIVO
2026-03-30 11:56:30.243494,2026-03-30 11:56:30.243494,4880203001,RENOVACION BAJO VOLUMEN 1 ANO,1 ANO,FIRMAS ELECTRONICAS, ,ARCHIVO
2026-03-30 11:56:30.243494,2026-03-30 11:56:30.243494,4880201003,RENOVACION CERT. WEB 3 ANOS,3 ANOS,FIRMAS ELECTRONICAS, ,TOKEN
2026-03-30 11:56:30.243494,2026-03-30 11:56:30.243494,4880201002,RENOVACION CERT WEB 2 ANOS,2 ANOS,FIRMAS ELECTRONICAS, ,TOKEN
2026-03-30 11:56:30.243494,2026-03-30 11:56:30.243494,4880201001,RENOVACION CERT. WEB 1, ,FIRMAS ELECTRONICAS, ,TOKEN
2026-03-30 11:56:30.243494,2026-03-30 11:56:30.243494,4880201004,RENOVACION CERT. WEB 4 ANOS,4 ANOS,FIRMAS ELECTRONICAS, ,TOKEN
2026-03-30 11:56:30.243494,2026-03-30 11:56:30.243494,4880201005,RENOVACION DE CERT. WEB 5 ANOS,5 ANOS,FIRMAS ELECTRONICAS, ,TOKEN
2026-03-30 11:56:30.243494,2026-03-30 11:56:30.243494,7110102006,VENTA ACTIVOS DE CONTROL, ,GESTION DE ACTIVOS, , 
2026-03-30 11:56:30.243494,2026-03-30 11:56:30.243494,5810101009,SOPORTE TECNICO OPERACIONES, , , , 
2026-03-30 11:56:30.243494,2026-03-30 11:56:30.243494,5810102002,SERVICIOS ADMINISTRATIVOS, , , , 
2026-03-30 11:56:30.243494,2026-03-30 11:56:30.243494,5810303001,MARKETING, , , , 
2026-03-30 11:56:30.243494,2026-03-30 11:56:30.243494,5810303012,ARRENDAMIENTOS, , , , 
2026-03-30 11:56:30.243494,2026-03-30 11:56:30.243494,6120201023,VIAJES, , , , 
2026-03-30 11:56:30.243494,2026-03-30 11:56:30.243494,6120201035,COMISIONES VENDEDORES, , , , 
2026-03-30 11:56:30.243494,2026-03-30 11:56:30.243494,6120201037,SERVICIOS MENSAJERIA, , , , 
2026-03-30 11:56:30.243494,2026-03-30 11:56:30.243494,6120201038,COMISION TARJETAS DE CREDITO, , , , 
2026-03-30 11:56:30.243494,2026-03-30 11:56:30.243494,6120201040,SERVICIO DE MOVILIZACION, , , , 
2026-03-30 11:56:30.243494,2026-03-30 11:56:30.243494,6120201051,ALICUOTAS, , , , 
2026-03-30 11:56:30.243494,2026-03-30 11:56:30.243494,6120201070,GIFT CARD, , , , 
2026-03-30 11:56:30.243494,2026-03-30 11:56:30.243494,1320101002,EQUIPO DE COMPUTACION, , , , 
2026-03-30 11:56:30.243494,2026-03-30 11:56:30.243494,1320101003,MOBILIARIO Y EQUIPO DE OFICINA, , , , 
2026-03-30 11:56:30.243494,2026-03-30 11:56:30.243494,6120201052,MULTAS E INTERESES, , , , 
2026-03-30 11:56:30.243494,2026-03-30 11:56:30.243494,6120201016,SUMINISTROS DE OFICINA, , , , 
2026-03-30 11:56:30.243494,2026-03-30 11:56:30.243494,6120201005,EVENTOS INTERNOS, , , , 
2026-03-30 11:56:30.243494,2026-03-30 11:56:30.243494,6120201072,ADECUACIONES OFICINA EL BOSQUE, , , , 
2026-03-30 11:56:30.243494,2026-03-30 11:56:30.243494,6120201077,ADECUACIONES OFICINA MULTICENTRO, , , , 
2026-03-30 11:56:30.243494,2026-03-30 11:56:30.243494,5810101010,IMPLEMENTACIONES CONTRATADAS, , , , 
2026-03-30 11:56:30.243494,2026-03-30 11:56:30.243494,5810303039,LICENCIAS, , , , 
2026-03-30 11:56:30.243494,2026-03-30 11:56:30.243494,6120201003,CARGOS BANCARIOS, , , , 
2026-03-30 11:56:30.243494,2026-03-30 11:56:30.243494,6120201022,MOVILIZACION, , , , 
2026-03-30 11:56:30.243494,2026-03-30 11:56:30.243494,6120201027,REFRIGERIO, , , , 
2026-03-30 11:56:30.243494,2026-03-30 11:56:30.243494,6120201010,MANTENIMIENTO Y REPARACIONES, , , , 
2026-03-30 11:56:30.243494,2026-03-30 11:56:30.243494,6120201062,SUSCRIPCIONES Y MEMBRESIAS, , , , 
2026-03-30 11:56:30.243494,2026-03-30 11:56:30.243494,6120201073,ADECUACION OFICINA MANTA, , , , 
2026-03-30 11:56:30.243494,2026-03-30 11:56:30.243494,6120201074,ADECUACION OFICINA CUENCA, , , , 
2026-03-30 11:56:30.243494,2026-03-30 11:56:30.243494,6120201075,ADECUACION OFICINA MACHALA, , , , 
2026-03-30 11:56:30.243494,2026-03-30 11:56:30.243494,6120201042,SERVICIO CONEXION DATAFAST, , , , 
2026-03-30 11:56:30.243494,2026-03-30 11:56:30.243494,1110701002,SEGUROS PAGADOS POR ANTICIPADO, , , , 
2026-03-30 11:56:30.243494,2026-03-30 11:56:30.243494,1110701010,SERVICIOS PAGADOS POR ANTICIPADO, , , , 
2026-03-30 11:56:30.243494,2026-03-30 11:56:30.243494,6120201013,LUZ OFICINAS, , , , 
2026-03-30 11:56:30.243494,2026-03-30 11:56:30.243494,6120201055,GASTOS LEGALES, , , , 
2026-03-30 11:56:30.243494,2026-03-30 11:56:30.243494,6120201009,CAPACITACION EN EL PAIS, , , , 
2026-03-30 11:56:30.243494,2026-03-30 11:56:30.243494,1210101999,COMPRA DE INVENTARIOS, , , , 
2026-03-30 11:56:30.243494,2026-03-30 11:56:30.243494,6120201014,TELEFONIA CELULAR, , , , 
2026-03-30 11:56:30.243494,2026-03-30 11:56:30.243494,5810303036,INTERNET TELCONET EMPRESA, , , , 
2026-03-30 11:56:30.243494,2026-03-30 11:56:30.243494,1210101806,IMPORTACIONES EN TRANSITO, , , , 
2026-03-30 11:56:30.243494,2026-03-30 11:56:30.243494,5810303038,AUTOCONSUMO CERTIFICADOS  Y TOKEN, , , , 
2026-03-30 11:56:30.243494,2026-03-30 11:56:30.243494,6120201019,SERVICIO DE LIMPIEZA, , , , 
2026-03-30 11:56:30.243494,2026-03-30 11:56:30.243494,6120201029,HONORARIOS, , , , 
2026-03-30 11:56:30.243494,2026-03-30 11:56:30.243494,6120201012,AGUA, , , , 
2026-03-30 11:56:30.243494,2026-03-30 11:56:30.243494,6120201067,COMISIONES KUSHKI, , , , 
2026-03-30 11:56:30.243494,2026-03-30 11:56:30.243494,6120201064,REDES SOCIALES, , , , 
2026-03-30 11:56:30.243494,2026-03-30 11:56:30.243494,6120201008,CAPACITACION EN EL EXTERIOR, , , , 
2026-03-30 11:56:30.243494,2026-03-30 11:56:30.243494,6120201045,SERVICIOS MAILLING, , , , 
2026-03-30 11:56:30.243494,2026-03-30 11:56:30.243494,6120201033,SEGURIDAD Y SALUD, , , , 
2026-03-30 11:56:30.243494,2026-03-30 11:56:30.243494,6120201002,COMIDA DE NEGOCIOS, , , , 
2026-03-30 11:56:30.243494,2026-03-30 11:56:30.243494,6120201065,ADWORDS, , , , 
2026-03-30 11:56:30.243494,2026-03-30 11:56:30.243494,2110301001,PROVEEDORES, , , , 
2026-03-30 11:56:30.243494,2026-03-30 11:56:30.243494,6120201079,ADECUACIONES OFICINAS GYE LAS CAMARAS, , , , 
2026-03-30 11:56:30.243494,2026-03-30 11:56:30.243494,6120201076,COMISIONES PLACE TO PAY, , , , 
2026-03-30 11:56:30.243494,2026-03-30 11:56:30.243494,6120201032,GASTOS MISCELANEOS, , , , 
2026-03-30 11:56:30.243494,2026-03-30 11:56:30.243494,1110401003,PRESTAMO EMPLEADOS, , , , 
2026-03-30 11:56:30.243494,2026-03-30 11:56:30.243494,6120201017,SUMINISTROS DE LIMPIEZA, , , , 
2026-03-30 11:56:30.243494,2026-03-30 11:56:30.243494,85,IVA REEMBOLSOS, , , , 
2026-03-30 11:56:30.243494,2026-03-30 11:56:30.243494,6120201081,ADECUACION OFICINAS GYE SUR, ,ADECUACION OFICINAS GYE SUR, , 
2026-03-30 11:56:30.243494,2026-03-30 11:56:30.243494,1110701012,PUBLICIDAD PAGADA POR ANTICIPADO, ,PUBLICIDAD, , 
2026-03-30 11:56:30.243494,2026-03-30 11:56:30.243494,6120201056,ASESORIAS Y CONSULTORIAS, , , , 
2026-03-30 11:56:30.243494,2026-03-30 11:56:30.243494,5810303049,AUDITORIA CERTIFICACION WEBTRUST, , , , 
2026-03-30 11:56:30.243494,2026-03-30 11:56:30.243494,4830409005,PUNTO EMISION PLAN BASICO, , , , 
2026-03-30 11:56:30.243494,2026-03-30 11:56:30.243494,1110701011,LICENCIAS, , , , 
2026-03-30 11:56:30.243494,2026-03-30 11:56:30.243494,4150101005,SOPORTE CERTIFICADO WEB 3 ANOS,3 ANOS, , , 
2026-03-30 11:56:30.243494,2026-03-30 11:56:30.243494,4150101006,SOPORTE CERTIFICADO WEB 4 ANOS,4 ANOS, , , 
2026-03-30 11:56:30.243494,2026-03-30 11:56:30.243494,4150101007,SOPORTE CERTIFICADO WEB 5 ANOS,5 ANOS, , , 
2026-03-30 11:56:30.243494,2026-03-30 11:56:30.243494,4150102004,FIRMA EN ARCHIVO ON LINE 3 ANOS,3 ANOS, , , 
2026-03-30 11:56:30.243494,2026-03-30 11:56:30.243494,4150102005,FIRMA EN ARCHIVO ON LINE 4 ANOS,4 ANOS, , , 
2026-03-30 11:56:30.243494,2026-03-30 11:56:30.243494,4150103004,RENOVACION FIRMA ARCHIVO 4 ANOS,4 ANOS,FIRMAS ELECTRONICAS, , 
2026-03-30 11:56:30.243494,2026-03-30 11:56:30.243494,4150103005,RENOVACION FIRMA ARCHIVO 5 ANOS,5 ANOS,FIRMAS ELECTRONICAS, , 
2026-03-30 11:56:30.243494,2026-03-30 11:56:30.243494,4150103003,RENOVACION FIRMA ARCHIVO 3 ANOS,3 ANOS,FIRMAS ELECTRONICAS, ,ARCHIVO
2026-03-30 11:56:30.243494,2026-03-30 11:56:30.243494,4150101002,WEB CERTIFICATES, ,FIRMAS ELECTRONICAS, ,TOKEN
2026-03-30 11:56:30.243494,2026-03-30 11:56:30.243494,4150101001,EPASS3003, ,FIRMAS ELECTRONICAS, ,TOKEN
2026-03-30 11:56:30.243494,2026-03-30 11:56:30.243494,4880208006,RENOVACION FIRMA SIST FACT 1 ANO,1 ANO,FIRMAS ELECTRONICAS, , 
2026-03-30 11:56:30.243494,2026-03-30 11:56:30.243494,4180101001,CONTRATO ELECTRONICO, ,CONTRATOS, , 
2026-03-30 11:56:30.243494,2026-03-30 11:56:30.243494,4180101002,POLIZAS ELECTRONICO, , , , 
2026-03-30 11:56:30.243494,2026-03-30 11:56:30.243494,4180101003,SELLOS DE TIEMPO, ,SELLOS DE TIEMPO, , 
2026-03-30 11:56:30.243494,2026-03-30 11:56:30.243494,4180102002,FIRMADOR ESTANDAR, , , , 
2026-03-30 11:56:30.243494,2026-03-30 11:56:30.243494,4180103001,ADVANTAGE, , , , 
2026-03-30 11:56:30.243494,2026-03-30 11:56:30.243494,4180103002,ESTANDAR 256 BITS, , , , 
2026-03-30 11:56:30.243494,2026-03-30 11:56:30.243494,4180103003,EV MULTI DOMINIO, , , , 
2026-03-30 11:56:30.243494,2026-03-30 11:56:30.243494,4180103004,EV SANS EXTRA (DOMINIOS CERTIFICADOS), , , , 
2026-03-30 11:56:30.243494,2026-03-30 11:56:30.243494,4180103005,UC MULTI DOMINIO, , , , 
2026-03-30 11:56:30.243494,2026-03-30 11:56:30.243494,4180103006,WILDCARD, , , , 
2026-03-30 11:56:30.243494,2026-03-30 11:56:30.243494,4180104001,BIOPASS 3000, , , , 
2026-03-30 11:56:30.243494,2026-03-30 11:56:30.243494,4180104002,FIDO, , , , 
2026-03-30 11:56:30.243494,2026-03-30 11:56:30.243494,4180104003,EPASS 1000 (SOLO WINDOWS), , , , 
2026-03-30 11:56:30.243494,2026-03-30 11:56:30.243494,4180104004,EPASS2003, , , , 
2026-03-30 11:56:30.243494,2026-03-30 11:56:30.243494,1110301007,OTRAS CUENTAS POR COBRAR, , , , 
2026-03-30 11:56:30.243494,2026-03-30 11:56:30.243494,2110301007,PROVISION PROVEEDORES, , , , 
2026-03-30 11:56:30.243494,2026-03-30 11:56:30.243494,163,IMPUESTOS Y TASAS LOCALES, , , , 
2026-03-30 11:56:30.243494,2026-03-30 11:56:30.243494,6.1.2.02.01.015,IMPUESTOS Y TASAS, , , , 
2026-03-30 11:56:30.243494,2026-03-30 11:56:30.243494,2110301004,ANTICIPO CLIENTE, , , , 
2026-03-30 11:56:30.243494,2026-03-30 11:56:30.243494,6120201025,AUDITORIA EXTERNA, , , , 
2026-03-30 11:56:30.243494,2026-03-30 11:56:30.243494,6120201004,SEGUROS, , , , 
2026-03-30 11:56:30.243494,2026-03-30 11:56:30.243494,6120201059,ROPA DE TRABAJO, , , , 
2026-03-30 11:56:30.243494,2026-03-30 11:56:30.243494,181,RETENCION FUENTE ASUMIDAS, , , , 
2026-03-30 11:56:30.243494,2026-03-30 11:56:30.243494,6120201083,MEDIOS ATL, , , , 
2026-03-30 11:56:30.243494,2026-03-30 11:56:30.243494,6120201084,MEDIOS DIGITALES, , , , 
2026-03-30 11:56:30.243494,2026-03-30 11:56:30.243494,1230101003,MOBILIARIO Y EQUIPO DE OFICINA CONSTRUCCION, , , , 
2026-03-30 11:56:30.243494,2026-03-30 11:56:30.243494,6120201086,HERRAMIENTAS DE COMUNICACION, , , , 
2026-03-30 11:56:30.243494,2026-03-30 11:56:30.243494,6120201088,AUDITORIA INTERNA, , , , 
2026-03-30 11:56:30.243494,2026-03-30 11:56:30.243494,5810303050,LICENCIAS GESTION DE PROYECTOS, , , , 
2026-03-30 11:56:30.243494,2026-03-30 11:56:30.243494,6120102003,APORTE IESS, , , , 
2026-03-30 11:56:30.243494,2026-03-30 11:56:30.243494,6120201085,BRANDING, , , , 
2026-03-30 11:56:30.243494,2026-03-30 11:56:30.243494,1110402004,ANTICIPO DIVIDENDOS, , , , 
2026-03-30 11:56:30.243494,2026-03-30 11:56:30.243494,6120201089,OTROS GASTOS MARKETING, , , , 
2026-03-30 11:56:30.243494,2026-03-30 11:56:30.243494,H3,ESCRITURA COMPRAVENTA EDIFICIO, , , , 
2026-03-30 11:56:30.243494,2026-03-30 11:56:30.243494,1230101004,EDIFICIO, ,EDIFICIO, , 
2026-03-30 11:56:30.243494,2026-03-30 11:56:30.243494,6120201090,ADECUACION OFICINA C-9 BOSQUE, , , , 
2026-03-30 11:56:30.243494,2026-03-30 11:56:30.243494,6120201048,LICENCIAS, , , , 
2026-03-30 11:56:30.243494,2026-03-30 11:56:30.243494,1.1.1.03.01.004,TARJETA DE CREDITO, ,1.1.1.03.01.004, , 
2026-03-30 11:56:30.243494,2026-03-30 11:56:30.243494,6120201091,ADECUACION OFICINA AMBATO, , , , 
2026-03-30 11:56:30.243494,2026-03-30 11:56:30.243494,1230101002,EQUIPOS DE COMPUTACION EN CONSTRUCCION, , , , 
2026-03-30 11:56:30.243494,2026-03-30 11:56:30.243494,2110501004,DIVIDENDOS TELCONET, , , , 
2026-03-30 11:56:30.243494,2026-03-30 11:56:30.243494,2110501005,DIVIDENDOS JR ELECTRIC SUPPLY, , , , 
2026-03-30 11:56:30.243494,2026-03-30 11:56:30.243494,2110501011,DIVIDENDOS TORSONUL, , , , 
2026-03-30 11:56:30.243494,2026-03-30 11:56:30.243494,1110103008,COOPERATIVA CREA, , , , 
2026-03-30 11:56:30.243494,2026-03-30 11:56:30.243494,1230101005,OTROS ACTIVOS EN CONSTRUCCION, , , , 
2026-03-30 11:56:30.243494,2026-03-30 11:56:30.243494,6120201092,ADECUACION OFICINA VALLE DE LOS CHILLOS, , , , 
2026-03-30 11:56:30.243494,2026-03-30 11:56:30.243494,5810401006,COLLARINES, , , , 
2026-03-30 11:56:30.243494,2026-03-30 11:56:30.243494,5810101007,CERTIFICADOS SSL, , , , 
2026-03-30 11:56:30.243494,2026-03-30 11:56:30.243494,4140101001,INSTALACION SECURITY CONTRATO, ,CONTRATOS, , 
2026-03-30 11:56:30.243494,2026-03-30 11:56:30.243494,6120201018,SERVICIO DE SEGURIDAD, , , , 
2026-03-30 11:56:30.243494,2026-03-30 11:56:30.243494,6120201093,COMISIONES PAYPHONE, , , , 
2026-03-30 11:56:30.243494,2026-03-30 11:56:30.243494,4140101011,RECUPERACION DE CONTRASENA, ,FIRMAS ELECTRONICAS, ,RECUPERACION DE CONTRASENA
2026-03-30 11:56:30.243494,2026-03-30 11:56:30.243494,4160102001,RENOVACION FIRMA SIST FACT 1 ANO,1 ANO,FIRMAS ELECTRONICAS, , 
2026-03-30 11:56:30.243494,2026-03-30 11:56:30.243494,4160103007,UPGRADE DE 25 A ILIMITADO, ,SISTEMA DE FACTURACION, ,UPGRADE
2026-03-30 11:56:30.243494,2026-03-30 11:56:30.243494,4120102007,RENOVACION FIRMA Y SIST FACT 2 ANO,2 ANO,SISTEMA DE FACTURACION, , 
2026-03-30 11:56:30.243494,2026-03-30 11:56:30.243494,4160103008,UPGRADE DE 75 A 350, ,SISTEMA DE FACTURACION, ,UPGRADE
2026-03-30 11:56:30.243494,2026-03-30 11:56:30.243494,4160103010,UPGRADE DE 150 A ILIMITADO, ,SISTEMA DE FACTURACION, ,UPGRADE
2026-03-30 11:56:30.243494,2026-03-30 11:56:30.243494,4160103001,UPGRADE DE 25 A 75, ,SISTEMA DE FACTURACION, ,UPGRADE
2026-03-30 11:56:30.243494,2026-03-30 11:56:30.243494,4160103002,UPGRADE DE 75 A 150, ,SISTEMA DE FACTURACION, ,UPGRADE
2026-03-30 11:56:30.243494,2026-03-30 11:56:30.243494,4160103003,UPGRADE DE 150 A 350, ,SISTEMA DE FACTURACION, ,UPGRADE
2026-03-30 11:56:30.243494,2026-03-30 11:56:30.243494,4160103005,UPGRADE DE 25 A 150, ,SISTEMA DE FACTURACION, ,UPGRADE
2026-03-30 11:56:30.243494,2026-03-30 11:56:30.243494,1110601018,GARANTIA MEDIDOR EEQ OF. VALLES, , , , 
2026-03-30 11:56:30.243494,2026-03-30 11:56:30.243494,6120201087,EVENTOS MARKETING, , , , 
2026-03-30 11:56:30.243494,2026-03-30 11:56:30.243494,1210102007,SSL UC MULTIDOMINIO, ,CERTIFICADOS, , 
2026-03-30 11:56:30.243494,2026-03-30 11:56:30.243494,1210102009,SANS SSL, ,CERTIFICADOS, , 
2026-03-30 11:56:30.243494,2026-03-30 11:56:30.243494,6120201054,GASTOS DE GESTION, , , , 
2026-03-30 11:56:30.243494,2026-03-30 11:56:30.243494,6120103008,OTROS GASTOS RRHH, , , , 
2026-03-30 11:56:30.243494,2026-03-30 11:56:30.243494,6120103006,TRABAJO SOCIAL, , , , 
2026-03-30 11:56:30.243494,2026-03-30 11:56:30.243494,6120103007,SEGURIDAD Y SALUD OCUPACIONAL, , , , 
2026-03-30 11:56:30.243494,2026-03-30 11:56:30.243494,6120201047,PARQUEADERO, , , , 
2026-03-30 11:56:30.243494,2026-03-30 11:56:30.243494,281,RENOVACION LICENCIAS MICROSOFT 365 APP FOR BUSINESS, ,LICENCIAS, , 
2026-03-30 11:56:30.243494,2026-03-30 11:56:30.243494,282,RENOVACION LICENCIAS OFFICE POWER BI PREMIUM, ,LICENCIAS, , 
2026-03-30 11:56:30.243494,2026-03-30 11:56:30.243494,6120201094,ADECUACION ALBAN BORJA NDEG29, ,ADECUACION ALBAN BORJA NDEG29, , 
2026-03-30 11:56:30.243494,2026-03-30 11:56:30.243494,6120201095,ADECUACION ISLA LOJA, ,ADECUACION ISLA LOJA, , 
2026-03-30 11:56:30.243494,2026-03-30 11:56:30.243494,6120201096,EVENTOS, , , , 
2026-03-30 11:56:30.243494,2026-03-30 11:56:30.243494,6120201097,SERVICIO DE TASACION, , , , 
2026-03-30 11:56:30.243494,2026-03-30 11:56:30.243494,7110101003,OTROS INGRESOS, , , , 
2026-03-30 11:56:30.243494,2026-03-30 11:56:30.243494,1110601019,GARANTIA MEDIDOR EEQ OF. C9 EL BOSQUE, , , , 
2026-03-30 11:56:30.243494,2026-03-30 11:56:30.243494,1110601020,GARANTIA MEDIDOR EEQ OF MULTICENTRO, , , , 
2026-03-30 11:56:30.243494,2026-03-30 11:56:30.243494,1110601021,GARANTIA MEDIDOR CNEL OF. 29 GYE, , , , 
2026-03-30 11:56:30.243494,2026-03-30 11:56:30.243494,6120201100,ALMUERZOS INTERNOS, , , , 
2026-03-30 11:56:30.243494,2026-03-30 11:56:30.243494,6120103002,ALMUERZOS Y REFRIGERIO, , , , 
2026-03-30 11:56:30.243494,2026-03-30 11:56:30.243494,6120201099,HOSPEDAJE, ,HOSPEDAJE, , 
2026-03-30 11:56:30.243494,2026-03-30 11:56:30.243494,6120201103,ADECUACION ISLA IBARRA, ,ADECUACION ISLA IBARRA, , 
2026-03-30 11:56:30.243494,2026-03-30 11:56:30.243494,4140101004,CONTRATOS ELECTRONICOS SIN ALMACENAMIENTO PN, ,CONTRATOS, , 
2026-03-30 11:56:30.243494,2026-03-30 11:56:30.243494,4140101005,CONTRATOS ELECTRONICOS SIN ALMACENAMIENTO PJ, ,CONTRATOS, , 
2026-03-30 11:56:30.243494,2026-03-30 11:56:30.243494,4140101006,CONTRATOS ELECTRONICOS CON ALMACENAMIENTO PN, ,CONTRATOS, , 
2026-03-30 11:56:30.243494,2026-03-30 11:56:30.243494,4140101007,CONTRATOS ELECTRONICOS CON ALMACENAMIENTO PJ, , , , 
2026-03-30 11:56:30.243494,2026-03-30 11:56:30.243494,4140101008,SERVICIO BIOMETRICO IDENTIFICACION FIRMANTE, ,BIOMETRIA, , 
2026-03-30 11:56:30.243494,2026-03-30 11:56:30.243494,4140101010,CONTRATO FIRMA SIMPLE, ,CONTRATOS, , 
2026-03-30 11:56:30.243494,2026-03-30 11:56:30.243494,4140101012,PROCESAMIENTO SMS, ,NOTIFICACIONES SMS, , 
2026-03-30 11:56:30.243494,2026-03-30 11:56:30.243494,6120201105,COMISIONES PAGO PLUX, , , , 
2026-03-30 11:56:30.243494,2026-03-30 11:56:30.243494,6120201107,ADECUACIONES ISLA RECREO, , , , 
2026-03-30 11:56:30.243494,2026-03-30 11:56:30.243494,6120201101,MANTENIMIENTO SOFTWARE, , , , 
2026-03-30 11:56:30.243494,2026-03-30 11:56:30.243494,6120201050,ATENCION AL CLIENTE, , , , 
2026-03-30 11:56:30.243494,2026-03-30 11:56:30.243494,6120201108,ADECUACION ISLA AMBATO, , , , 
2026-03-30 11:56:30.243494,2026-03-30 11:56:30.243494,6120201104,MERCHANDISING, , , , 
2026-03-30 11:56:30.243494,2026-03-30 11:56:30.243494,6120201110,ADECUACION ISLA STO DOMINGO, , , , 
2026-03-30 11:56:30.243494,2026-03-30 11:56:30.243494,6120201109,ADECUACIONES ISLA RIOBAMBA, , , , 
2026-03-30 11:56:30.243494,2026-03-30 11:56:30.243494,6120201111,COMISIONES JELOU PAY, , , , 
2026-03-30 11:56:30.243494,2026-03-30 11:56:30.243494,6120201112,COMISIONES WESTER UNION, , , , 
2026-03-30 11:56:30.243494,2026-03-30 11:56:30.243494,6120201113,ADECUACION ISLA QUEVEDO, , , , 
2026-03-30 11:56:30.243494,2026-03-30 11:56:30.243494,6120201115,ADECUACION ISLA CUENCA, , , , 
2026-03-30 11:56:30.243494,2026-03-30 11:56:30.243494,6120201116,EVALUACIONES AL PERSONAL, , , , 
2026-03-30 11:56:30.243494,2026-03-30 11:56:30.243494,4140201004,INSTALACION PROCESO DE FIRMADO, ,SERVICIO DE FIRMADO, , 
2026-03-30 11:56:30.243494,2026-03-30 11:56:30.243494,4140201005,SERVICIO DE FIRMADO Y SELLADO, ,SERVICIO DE FIRMADO Y SELLADO, , 
2026-03-30 11:56:30.243494,2026-03-30 11:56:30.243494,4140201006,SERVICIO DE FIRMADO, ,SERVICIO DE FIRMADO, , 
2026-03-30 11:56:30.243494,2026-03-30 11:56:30.243494,1230102001,SOFTWARE EN CONSTRUCCION, , , , 
2026-03-30 11:56:30.243494,2026-03-30 11:56:30.243494,6120201114,ADECUACION OFICINA MANTA MALL PACIFICO, , , , 
2026-03-30 11:56:30.243494,2026-03-30 11:56:30.243494,6120103009,ADECUACION ISLA MACHALA, , , , 
2026-03-30 11:56:30.243494,2026-03-30 11:56:30.243494,6120201117,COMISIONES TC CORPORATIVAS, , , , 
2026-03-30 11:56:30.243494,2026-03-30 11:56:30.243494,351,SERVICIO BIOMETRICO CREDITO DIGITAL, ,BIOMETRIA, , 
2026-03-30 11:56:30.243494,2026-03-30 11:56:30.243494,352,SERVICIO BIOMETRICO MATRICULACION, ,BIOMETRIA, , 
2026-03-30 11:56:30.243494,2026-03-30 11:56:30.243494,353,SERVICIO BIOMETRICO CAPTACIONES, ,BIOMETRIA, , 
2026-03-30 11:56:30.243494,2026-03-30 11:56:30.243494,356,RENOVACION LICENCIAS PROJECT PLAN 3, ,LICENCIAS, , 
2026-03-30 11:56:30.243494,2026-03-30 11:56:30.243494,4140201007,INSTALACION FIRMA SIMPLE, ,CONTRATOS, , 
2026-03-30 11:56:30.243494,2026-03-30 11:56:30.243494,4140201008,LICENCIA DE INTERACCION, ,LICENCIAS, , 
2026-03-30 11:56:30.243494,2026-03-30 11:56:30.243494,1110601026,GARANTIA OFICINAS COWORKING, , , , 
2026-03-30 11:56:30.243494,2026-03-30 11:56:30.243494,1320101005,OTROS ACTIVOS, , , , 
2026-03-30 11:56:30.243494,2026-03-30 11:56:30.243494,4810502008,INFRAESTRUCTURA, ,INFRAESTRUCTURA, , 
2026-03-30 11:56:30.243494,2026-03-30 11:56:30.243494,4810502009,LICENCIA SOPHOS, ,LICENCIAS, , 
2026-03-30 11:56:30.243494,2026-03-30 11:56:30.243494,4140201009,SERVICIO DE FIRMADO CON OTRA ENTIDAD, ,SERVICIO DE FIRMADO, , 
2026-03-30 11:56:30.243494,2026-03-30 11:56:30.243494,4140201010,DESARROLLO LEYENDA DINAMICA PARA ENDOSO, ,DESARROLLO, , 
2026-03-30 11:56:30.243494,2026-03-30 11:56:30.243494,4140101013,CONFIGURACION DE FIRMAS ADICIONALES, ,CONTRATOS, , 
2026-03-30 11:56:30.243494,2026-03-30 11:56:30.243494,6120201118,GASTOS LEGARES PERU, , , , 
2026-03-30 11:56:30.243494,2026-03-30 11:56:30.243494,6120201120,ADECUACION OFICINA EL BOSQUE C-11, , , , 
2026-03-30 11:56:30.243494,2026-03-30 11:56:30.243494,4140201011,DESARROLLO DE INTERFAZ PARA INTEGRACION DE FIRMA, ,DESARROLLO, , 
2026-03-30 11:56:30.243494,2026-03-30 11:56:30.243494,6120201121,ACTIVACIONES EN PUNTOS DE VENTAS, , , , 
2026-03-30 11:56:30.243494,2026-03-30 11:56:30.243494,4140201012,NOTIFICACIONES, ,NOTIFICACIONES, , 
2026-03-30 11:56:30.243494,2026-03-30 11:56:30.243494,12301010051,SERV, , , , 
2026-03-30 11:56:30.243494,2026-03-30 11:56:30.243494,357,LICENCIAS MICROSOFT TEAMS, ,LICENCIAS, , 
2026-03-30 11:56:30.243494,2026-03-30 11:56:30.243494,6120201122,RESPOSABILIDAD SOCIAL EMPRESARIAL, , , , 
2026-03-30 11:56:30.243494,2026-03-30 11:56:30.243494,4140201013,FIRMA ENTIDAD FINANCIERA, ,FIRMAS ELECTRONICAS, ,COOP. ALIANZA DEL VALLE
2026-03-30 11:56:30.243494,2026-03-30 11:56:30.243494,4110102009,FIRMA EN ARCHIVO ON LINE 2 SEMANAS,2 SEMANAS,FIRMAS ELECTRONICAS, ,ARCHIVO
2026-03-30 11:56:30.243494,2026-03-30 11:56:30.243494,4110102008,FIRMA EN ARCHIVO ON LINE 1 SEMANA,1 SEMANA,FIRMAS ELECTRONICAS, ,ARCHIVO
2026-03-30 11:56:30.243494,2026-03-30 11:56:30.243494,FTRECBASUR00001,TASA DE RECOLECCION DE BASURA, , , , 
2026-03-30 11:56:30.243494,2026-03-30 11:56:30.243494,380,VALIDACION DE IDENTIDAD, ,VALIDACION DE IDENTIDAD, , 
2026-03-30 11:56:30.243494,2026-03-30 11:56:30.243494,4140101014,INSTALACION SERVICIO DE BIOMETRIA, ,BIOMETRIA, , 
2026-03-30 11:56:30.243494,2026-03-30 11:56:30.243494,4140601005,DATAGREE CONFIGURACIONES ESPECIALES, ,DATAGREE, , 
2026-03-30 11:56:30.243494,2026-03-30 11:56:30.243494,5810303051,SERVICIO DE INTERNET, , , , 
2026-03-30 11:56:30.243494,2026-03-30 11:56:30.243494,4140201015,INSTALACION DEL DESARROLLO PORTAL GESTION DE DOCUMENTOS, ,DESARROLLO, , 
2026-03-30 11:56:30.243494,2026-03-30 11:56:30.243494,4190101006,ALMACENAMIENTO, ,ALMACENAMIENTO, , 
2026-03-30 11:56:30.243494,2026-03-30 11:56:30.243494,6120103010,GASTO ALMUERZOS, , , , 
2026-03-30 11:56:30.243494,2026-03-30 11:56:30.243494,6120103011,GASTO REFRIGERIO, , , , 
2026-03-30 11:56:30.243494,2026-03-30 11:56:30.243494,1110301012,CUENTAS POR COBRAR PERU, , , , 
2026-03-30 11:56:30.243494,2026-03-30 11:56:30.243494,6120201123,PERMISOS MUNICIPALES, , , , 
2026-03-30 11:56:30.243494,2026-03-30 11:56:30.243494,392,CONTRATOS ELECTRONICOS CREDITO DIGITAL, ,CONTRATOS, , 
2026-03-30 11:56:30.243494,2026-03-30 11:56:30.243494,393,CONTRATOS ELECTRONICOS MATRICULACION, , , , 
2026-03-30 11:56:30.243494,2026-03-30 11:56:30.243494,394,CONTRATOS ELECTRONICOS CAPTACIONES, ,CONTRATOS, , 
2026-03-30 11:56:30.243494,2026-03-30 11:56:30.243494,4140201016,SERVICIO DE SOFTWARE PARA FIRMA ELECTRONICA, ,DESARROLLO, , 
2026-03-30 11:56:30.243494,2026-03-30 11:56:30.243494,4140101015,DESARROLLO DE PLANTILLAS, ,CONTRATOS, , 
2026-03-30 11:56:30.243494,2026-03-30 11:56:30.243494,400,GEOTRUST DV SSL STANDARD MAIN DOMAIN 1 ANO,1 ANO,CERTIFICADOS, , 
2026-03-30 11:56:30.243494,2026-03-30 11:56:30.243494,401,GEOTRUSR DV SSL STANDARD SAN THS 1 ANO,1 ANO,CERTIFICADOS, , 
2026-03-30 11:56:30.243494,2026-03-30 11:56:30.243494,1110401005,ANTICIPO UTILIDADES, , , , 
2026-03-30 11:56:30.243494,2026-03-30 11:56:30.243494,402,DIGICERT BASIC OV FLEX STANDAD MAIN DOMAIN 2 ANOS THS,2 ANOS,CERTIFICADOS, , 
2026-03-30 11:56:30.243494,2026-03-30 11:56:30.243494,403,DIGICERT BASIC OV FLEX STANDARD SAN 2 ANOS THS,2 ANOS,CERTIFICADOS, , 
2026-03-30 11:56:30.243494,2026-03-30 11:56:30.243494,404,RAPIDSSL WILDCARD CERTIFICATE - ISSUE PRICE 1 ANO - THS,1 ANO,CERTIFICADO, , 
2026-03-30 11:56:30.243494,2026-03-30 11:56:30.243494,2,PRUEBA, , , , 
2026-03-30 11:56:30.243494,2026-03-30 11:56:30.243494,1330101019,SOFTWARE DE FACTURACION SECURITY FACTURA, ,SOFTWARE, , 
2026-03-30 11:56:30.243494,2026-03-30 11:56:30.243494,6120201124,ADECUACION BODEGAS, , , , 
2026-03-30 11:56:30.243494,2026-03-30 11:56:30.243494,6120201036,COMISION CLIENTE, , , , 
2026-03-30 11:56:30.243494,2026-03-30 11:56:30.243494,6120201125,ADECUACION OFICINA TUMBACO, , , , 
2026-03-30 11:56:30.243494,2026-03-30 11:56:30.243494,6120201031,MANTENIMIENTO MOBILIARIO Y EQUIPO, , , , 
2026-03-30 11:56:30.243494,2026-03-30 11:56:30.243494,6120201058,ATENCION VIAJES CLIENTES, , , , 
2026-03-30 11:56:30.243494,2026-03-30 11:56:30.243494,405,DIGICERT BASIC OV FLEX WILDCARD MAIN DOMAIN 1 ANO THS,1 ANO,CERTIFICADOS, , 
2026-03-30 11:56:30.243494,2026-03-30 11:56:30.243494,406,RAPIDSSL CERTIFICATE ISSUE PRICE 1 ANO THS,1 ANO,CERTIFICADOS, , 
2026-03-30 11:56:30.243494,2026-03-30 11:56:30.243494,407,DIGICERT BASIC OV FLEX STANDARD SAN 1 ANO THS,1 ANO,CERTIFICADOS, , 
2026-03-30 11:56:30.243494,2026-03-30 11:56:30.243494,5810303045,SERVICIOS POR TRANSACCIONES, , , , 
2026-03-30 11:56:30.243494,2026-03-30 11:56:30.243494,6120102012,HONORARIOS PERSONAL, , , , 
2026-03-30 11:56:30.243494,2026-03-30 11:56:30.243494,6120201030,COMBUSTIBLES Y LUBRICANTES, , , , 
2026-03-30 11:56:30.243494,2026-03-30 11:56:30.243494,1330101002,LICENCIAS, , , , 
2026-03-30 11:56:30.243494,2026-03-30 11:56:30.243494,6120201128,RELACIONES PUBLICAS, , , , 
2026-03-30 11:56:30.243494,2026-03-30 11:56:30.243494,6120201126,AGENCIA MARKETING, , , , 
2026-03-30 11:56:30.243494,2026-03-30 11:56:30.243494,6120201127,INFLUENCERS MARKETING, , , , 
2026-03-30 11:56:30.243494,2026-03-30 11:56:30.243494,6120201129,MATERIALES POP MARKETING, , , , 
2026-03-30 11:56:30.243494,2026-03-30 11:56:30.243494,6120201130,PRODUCCION MARKETING, , , , 
2026-03-30 11:56:30.243494,2026-03-30 11:56:30.243494,6120201039,SUSCRIPCIONES A PLATAFORMAS, , , , 
2026-03-30 11:56:30.243494,2026-03-30 11:56:30.243494,6120201131,PLAN INCENTIVOS, , , , 
2026-03-30 11:56:30.243494,2026-03-30 11:56:30.243494,408,POSITIVESSL DV ISSUE PRICE 1 ANO THS,1 ANO,CERTIFICADOS, , 
2026-03-30 11:56:30.243494,2026-03-30 11:56:30.243494,4140201014,INTEGRACION SERVICIO DE FACTURACION ENTIDAD FINANCIERA, ,DESARROLLO, , 
2026-03-30 11:56:30.243494,2026-03-30 11:56:30.243494,4160103011,COMPROBANTES ADICIONALES SF, ,SISTEMA DE FACTURACION, ,COMPROBANTES ADICIONALES
2026-03-30 11:56:30.243494,2026-03-30 11:56:30.243494,413,SERVICIO SECURITY MEDIACION, ,CONTRATOS, , 
2026-03-30 11:56:30.243494,2026-03-30 11:56:30.243494,101040001,SSL EV MULTIDOMINIO, ,CERTIFICADOS, , 
2026-03-30 11:56:30.243494,2026-03-30 11:56:30.243494,101040003,CERTIFICADO UC SSL, , , , 
2026-03-30 11:56:30.243494,2026-03-30 11:56:30.243494,101040004,WILDCARD, ,CERTIFICADOS, , 
2026-03-30 11:56:30.243494,2026-03-30 11:56:30.243494,10104005,CERTIFICADO SSL - FIRMA DE CODIGO, , , , 
2026-03-30 11:56:30.243494,2026-03-30 11:56:30.243494,101060001,EPASS 1000, , , , 
2026-03-30 11:56:30.243494,2026-03-30 11:56:30.243494,101060002,AUDIOPASS, , , , 
2026-03-30 11:56:30.243494,2026-03-30 11:56:30.243494,120101002,BIOPASS 3000, , , , 
2026-03-30 11:56:30.243494,2026-03-30 11:56:30.243494,120101004,SAFENET, , , , 
2026-03-30 11:56:30.243494,2026-03-30 11:56:30.243494,120101005,EPASS FIDO, , , , 
2026-03-30 11:56:30.243494,2026-03-30 11:56:30.243494,120102002,CERTIFICADO ADMINISTRABLE, , , , 
2026-03-30 11:56:30.243494,2026-03-30 11:56:30.243494,120102003,ESP ENTRUST  SECURITY PROVIDER, , , , 
2026-03-30 11:56:30.243494,2026-03-30 11:56:30.243494,120102005,CERTIFICADO SSL, ,CERTIFICADOS, , 
2026-03-30 11:56:30.243494,2026-03-30 11:56:30.243494,120102006,CERTIFICADOS SSL ADVANTAGE, ,CERTIFICADOS, , 
2026-03-30 11:56:30.243494,2026-03-30 11:56:30.243494,4830403001,INSTALACION FACTURACION ELECTRONICA INTEGRADA 1, , , , 
2026-03-30 11:56:30.243494,2026-03-30 11:56:30.243494,4830403002,INSTALACION FACTURACION ELECTRONICA INTEGRADA 2, , , , 
2026-03-30 11:56:30.243494,2026-03-30 11:56:30.243494,4830403003,INSTALACION FACTURACION ELECTRONICA INTEGRADA 3, , , , 
2026-03-30 11:56:30.243494,2026-03-30 11:56:30.243494,4810101001,CERTIFICADO PERSONA NATURAL-CORREO/DOCUMENTOS FIRMADOS-TOKEN  PROPIO DEL CLIENTE, , , , 
2026-03-30 11:56:30.243494,2026-03-30 11:56:30.243494,4810101002,CERTIFICADO PERSONA NATURAL-CORREO/DOCUMENTOS FIRMADOS-TOKEN DE SECURITY DATA, , , , 
2026-03-30 11:56:30.243494,2026-03-30 11:56:30.243494,4810101003,CERTIFICADO PERSONA NATURAL-CORREO/DOCUMENTOS FIRMADOS-TOKEN BIOMETRICO, , , , 
2026-03-30 11:56:30.243494,2026-03-30 11:56:30.243494,4810101004,CERTIFICADO PERSONA NATURAL-CORREO/DOCUMENTOS FIRMADOS- SOFTWARE, , , , 
2026-03-30 11:56:30.243494,2026-03-30 11:56:30.243494,4830407011,CONV. FIRMA ELECT 5 ANOS,5 ANOS,FIRMAS ELECTRONICAS, ,ARCHIVO
2026-03-30 11:56:30.243494,2026-03-30 11:56:30.243494,4830402061,FIRMA ELECTRONICA VIGENCIA 6 MESES,6 MESES,FIRMAS ELECTRONICAS, ,ARCHIVO
2026-03-30 11:56:30.243494,2026-03-30 11:56:30.243494,4830404004,FIRMA ELEC. BAJO VOL.4 ANOS,4 ANOS,FIRMAS ELECTRONICAS, ,ARCHIVO
2026-03-30 11:56:30.243494,2026-03-30 11:56:30.243494,4830404005,FIRMA ELEC. BAJO VOL.5 ANOS,5 ANOS,FIRMAS ELECTRONICAS, ,ARCHIVO
2026-03-30 11:56:30.243494,2026-03-30 11:56:30.243494,4830404006,FIRMA ELECT BAJO VOL 1 ANO PROMOCION,1 ANO,FIRMAS ELECTRONICAS, ,ARCHIVO
2026-03-30 11:56:30.243494,2026-03-30 11:56:30.243494,4830405001,FIRMA ELEC. MEDIANO VOL.1 ANO,1 ANO,FIRMAS ELECTRONICAS, ,ARCHIVO
2026-03-30 11:56:30.243494,2026-03-30 11:56:30.243494,4830405002,FIRMA ELEC. MEDIANO VOL.2 ANOS,2 ANOS,FIRMAS ELECTRONICAS, ,ARCHIVO
2026-03-30 11:56:30.243494,2026-03-30 11:56:30.243494,4830405003,FIRMA ELEC. MEDIANO VOL.3 ANOS,3 ANOS,FIRMAS ELECTRONICAS, ,ARCHIVO
2026-03-30 11:56:30.243494,2026-03-30 11:56:30.243494,4830405004,FIRMA ELEC. MEDIANO VOL.4 ANOS,4 ANOS,FIRMAS ELECTRONICAS, ,ARCHIVO
2026-03-30 11:56:30.243494,2026-03-30 11:56:30.243494,4830405005,FIRMA ELEC. MEDIANO VOL.5 ANOS,5 ANOS,FIRMAS ELECTRONICAS, ,ARCHIVO
2026-03-30 11:56:30.243494,2026-03-30 11:56:30.243494,4830406001,FIRMA ELEC. ALTO VOL.1 ANO,1 ANO,FIRMAS ELECTRONICAS, ,ARCHIVO
2026-03-30 11:56:30.243494,2026-03-30 11:56:30.243494,4830406002,FIRMA ELEC. ALTO VOL.2 ANO,2 ANO,FIRMAS ELECTRONICAS, ,ARCHIVO
2026-03-30 11:56:30.243494,2026-03-30 11:56:30.243494,4830406003,FIRMA ELEC. ALTO VOL.3 ANOS,3 ANOS,FIRMAS ELECTRONICAS, ,ARCHIVO
2026-03-30 11:56:30.243494,2026-03-30 11:56:30.243494,4810501004,ATENCION EXPRESS, ,FIRMAS ELECTRONICAS, ,ARCHIVO
2026-03-30 11:56:30.243494,2026-03-30 11:56:30.243494,4150103002,RENOVACION FIRMA ARCHIVO 2 ANOS,2 ANOS,FIRMAS ELECTRONICAS, ,ARCHIVO
2026-03-30 11:56:30.243494,2026-03-30 11:56:30.243494,4150103001,RENOVACION FIRMA ARCHIVO 1 ANO,1 ANO,FIRMAS ELECTRONICAS, ,ARCHIVO
2026-03-30 11:56:30.243494,2026-03-30 11:56:30.243494,4150102006,FIRMA EN ARCHIVO ON LINE 5 ANOS,5 ANOS,FIRMAS ELECTRONICAS, ,ARCHIVO
2026-03-30 11:56:30.243494,2026-03-30 11:56:30.243494,4150102003,FIRMA EN ARCHIVO ON LINE 2 ANOS,2 ANOS,FIRMAS ELECTRONICAS, ,ARCHIVO
2026-03-30 11:56:30.243494,2026-03-30 11:56:30.243494,4150102002,FIRMA EN ARCHIVO ON LINE 1 ANO,1 ANO,FIRMAS ELECTRONICAS, ,ARCHIVO
2026-03-30 11:56:30.243494,2026-03-30 11:56:30.243494,4150102001,FIRMA EN ARCHIVO ON LINE 1 MES,1 MES,FIRMAS ELECTRONICAS, ,ARCHIVO
2026-03-30 11:56:30.243494,2026-03-30 11:56:30.243494,4150101004,SOPORTE CERTIFICADO WEB 2 ANOS,2 ANOS,FIRMAS ELECTRONICAS, ,ARCHIVO
2026-03-30 11:56:30.243494,2026-03-30 11:56:30.243494,4150101003,SOPORTE CERTIFICADO WEB 1 ANO,1 ANO,FIRMAS ELECTRONICAS, ,ARCHIVO
2026-03-30 11:56:30.243494,2026-03-30 11:56:30.243494,4880208005,RENOVACION FIRMA ARCHIVO 5 ANOS,5 ANOS,FIRMAS ELECTRONICAS, ,ARCHIVO
2026-03-30 11:56:30.243494,2026-03-30 11:56:30.243494,4880208004,RENOVACION FIRMA ARCHIVO 4 ANOS,4 ANOS,FIRMAS ELECTRONICAS, ,ARCHIVO
2026-03-30 11:56:30.243494,2026-03-30 11:56:30.243494,4160103006,UPGRADE DE 25 A 350, ,SISTEMA DE FACTURACION, ,UPGRADE
2026-03-30 11:56:30.243494,2026-03-30 11:56:30.243494,4160103009,UPGRADE DE 75 A ILIMITADO, ,SISTEMA DE FACTURACION, ,UPGRADE
2026-03-30 11:56:30.243494,2026-03-30 11:56:30.243494,4160103004,UPGRADE DE 350 A ILIMITADO, ,SISTEMA DE FACTURACION, ,UPGRADE
2026-03-30 11:56:30.243494,2026-03-30 11:56:30.243494,4880207001,ENVIO DE TOKEN, ,TOKEN, ,ENVIO TOKEN
2026-03-30 11:56:30.243494,2026-03-30 11:56:30.243494,4810101097,EPASS 3003, ,TOKEN, ,TOKEN
2026-03-30 11:56:30.243494,2026-03-30 11:56:30.243494,1210101008,EPASS 2003, ,TOKEN, ,TOKEN
2026-03-30 11:56:30.243494,2026-03-30 11:56:30.243494,120101001,EPASS 3003, ,TOKEN, ,TOKEN
2026-03-30 11:56:30.243494,2026-03-30 11:56:30.243494,4170101003,PUNTO DE EMISION PLAN PREMIUM, ,SISTEMA DE FACTURACION,PREMIUM,PUNTO DE EMISION
2026-03-30 11:56:30.243494,2026-03-30 11:56:30.243494,399,ALMACENAMIENTO 50GB, ,ALMACENAMIENTO,PREMIUM, 
2026-03-30 11:56:30.243494,2026-03-30 11:56:30.243494,4830409003,PUNTO DE EMISION PLAN PREMIUM, ,SISTEMA DE FACTURACION,PREMIUM,PUNTO DE EMISION
2026-03-30 11:56:30.243494,2026-03-30 11:56:30.243494,4190101003,ALMACENAMIENTO ANUAL PREMIUM, ,ALMACENAMIENTO,PREMIUM, 
2026-03-30 11:56:30.243494,2026-03-30 11:56:30.243494,4830402064,FACT. ONLINE PLAN ILIMITADO (1 ANO),1 ANO,SISTEMA DE FACTURACION,PREMIUM, 
2026-03-30 11:56:30.243494,2026-03-30 11:56:30.243494,4140602003,DATAGREE CONSUMO PLAN PREMIUM, ,DATAGREE,PREMIUM,CONSUMO
2026-03-30 11:56:30.243494,2026-03-30 11:56:30.243494,4830402069,FACT ONLINE PLAN ILIMITADO PROMOCION, ,SISTEMA DE FACTURACION,PREMIUM, 
2026-03-30 11:56:30.243494,2026-03-30 11:56:30.243494,4820301003,FIRMADOR PREMIUM,1 ANO,FIRMADOR MULTIPLE,PREMIUM, 
2026-03-30 11:56:30.243494,2026-03-30 11:56:30.243494,4140601003,DATAGREE ALQUILER PLAN PREMIUM,1 ANO,DATAGREE,PREMIUM,ALQUILER
2026-03-30 11:56:30.243494,2026-03-30 11:56:30.243494,4180102003,FIRMADOR PREMIUM,1 ANO,FIRMADOR MULTIPLE,PREMIUM, 
2026-03-30 11:56:30.243494,2026-03-30 11:56:30.243494,4140501003,FIRMADOR PLAN PREMIUM, ,SECUSIGN,PREMIUM, 
2026-03-30 11:56:30.243494,2026-03-30 11:56:30.243494,4830409004,PUNTO DE EMISION PLAN MINI, ,SISTEMA DE FACTURACION,MINI,PUNTO DE EMISION
2026-03-30 11:56:30.243494,2026-03-30 11:56:30.243494,4190101005,ALMACENAMIENTO ANUAL MINI, ,ALMACENAMIENTO,MINI, 
2026-03-30 11:56:30.243494,2026-03-30 11:56:30.243494,4830402065,FACT ONLINE PAQ 25 TRANSACCION PROMOCION, ,SISTEMA DE FACTURACION,MINI, 
2026-03-30 11:56:30.243494,2026-03-30 11:56:30.243494,4190101004,ALMACENAMIENTO ANUAL ECONOMICO, ,ALMACENAMIENTO,INICIAL, 
2026-03-30 11:56:30.243494,2026-03-30 11:56:30.243494,4140602002,DATAGREE CONSUMO PLAN ESTANDAR,,DATAGREE,ESTANDAR,CONSUMO
2026-03-30 11:56:30.243494,2026-03-30 11:56:30.243494,4190101002,ALMACENAMIENTO ANUAL ESTANDAR, ,ALMACENAMIENTO,ESTANDAR, 
2026-03-30 11:56:30.243494,2026-03-30 11:56:30.243494,4170101002,PUNTO DE EMISION PLAN ESTANDAR, ,SISTEMA DE FACTURACION,ESTANDAR,PUNTO DE EMISION
2026-03-30 11:56:30.243494,2026-03-30 11:56:30.243494,4140601002,DATAGREE ALQUILER PLAN ESTANDAR,1 ANO,DATAGREE,ESTANDAR,ALQUILER
2026-03-30 11:56:30.243494,2026-03-30 11:56:30.243494,4830402068,FACT ONLINE PAQ 350 TRANSACCIONES PROMOCION, ,SISTEMA DE FACTURACION,ESTANDAR, 
2026-03-30 11:56:30.243494,2026-03-30 11:56:30.243494,4820301002,FIRMADOR ESTANDAR,1 ANO,FIRMADOR MULTIPLE,ESTANDAR, 
2026-03-30 11:56:30.243494,2026-03-30 11:56:30.243494,4140501002,FIRMADOR PLAN ESTANDART, ,SECUSIGN,ESTANDAR, 
2026-03-30 11:56:30.243494,2026-03-30 11:56:30.243494,4830402063,FACT. ONLINE 350 TRANSACC. (1 ANO),1 ANO,SISTEMA DE FACTURACION,ESTANDAR, 
2026-03-30 11:56:30.243494,2026-03-30 11:56:30.243494,4830409002,PUNTO DE EMISION PLAN ESTANDAR, ,SISTEMA DE FACTURACION,ESTANDAR,PUNTO DE EMISION
2026-03-30 11:56:30.243494,2026-03-30 11:56:30.243494,4830402067,FACT ONLINE PAQ 150 TRANSACCIONES PROMOCION, ,SISTEMA DE FACTURACION,ESENCIAL, 
2026-03-30 11:56:30.243494,2026-03-30 11:56:30.243494,4170101001,PUNTO DE EMISION PLAN ESENCIAL, ,SISTEMA DE FACTURACION,ESENCIAL,PUNTO DE EMISION
2026-03-30 11:56:30.243494,2026-03-30 11:56:30.243494,4830409001,PUNTO DE EMISION PLAN ESENCIAL, ,SISTEMA DE FACTURACION,ESENCIAL,PUNTO DE EMISION
2026-03-30 11:56:30.243494,2026-03-30 11:56:30.243494,4140602004,DATAGREE CONSUMO ENTERPRISE, ,DATAGREE,ENTERPRISE,CONSUMO
2026-03-30 11:56:30.243494,2026-03-30 11:56:30.243494,4140601004,DATAGREE ALQUILER ENTERPRISE,1 ANO,DATAGREE,ENTERPRISE,ALQUILER
2026-03-30 11:56:30.243494,2026-03-30 11:56:30.243494,4190101001,ALMACENAMIENTO ANUAL BASICO, ,ALMACENAMIENTO,BASICO, 
2026-03-30 11:56:30.243494,2026-03-30 11:56:30.243494,4830402066,FACT ONLINE PAQ 75 TRANSACCIONES PROMOCION, ,SISTEMA DE FACTURACION,BASICO, 
2026-03-30 11:56:30.243494,2026-03-30 11:56:30.243494,4820301001,FIRMADOR BASICO,1 ANO,FIRMADOR MULTIPLE,BASICO, 
2026-03-30 11:56:30.243494,2026-03-30 11:56:30.243494,4180102001,FIRMADOR BASICO,1 ANO,FIRMADOR MULTIPLE,BASICO, 
2026-03-30 11:56:30.243494,2026-03-30 11:56:30.243494,4140602001,DATAGREE CONSUMO PLAN BASICO, ,DATAGREE,BASICO,CONSUMO
2026-03-30 11:56:30.243494,2026-03-30 11:56:30.243494,4140601001,DATAGREE ALQUILER PLAN BASICO,1 ANO,DATAGREE,BASICO,ALQUILER
2026-03-30 11:56:30.243494,2026-03-30 11:56:30.243494,4140501001,FIRMADOR PLAN BASICO, ,SECUSIGN,BASICO, 
2026-03-30 11:56:30.243494,2026-03-30 11:56:30.243494,4120102012,RENOVACION FACT. ONLINE PLAN ILIMITADO (2 ANOS),2 ANOS,SISTEMA DE FACTURACION, PREMIUM, 
2026-03-30 11:56:30.243494,2026-03-30 11:56:30.243494,4160102006,RENOVACION FACT. ONLINE PLAN ILIMITADO (1 ANO),1 ANO,SISTEMA DE FACTURACION, PREMIUM, 
2026-03-30 11:56:30.243494,2026-03-30 11:56:30.243494,4880209005,RENOVACION FACT. ONLINE PLAN ILIMITADO (1 ANO),1 ANO,SISTEMA DE FACTURACION, PREMIUM, 
2026-03-30 11:56:30.243494,2026-03-30 11:56:30.243494,4160101005,FACT. ONLINE PLAN ILIMITADO (1 ANO),1 ANO,SISTEMA DE FACTURACION, PREMIUM, 
2026-03-30 11:56:30.243494,2026-03-30 11:56:30.243494,4120101010,FACT. ONLINE PLAN ILIMITADO (2 ANOS),2 ANOS,SISTEMA DE FACTURACION, PREMIUM, 
2026-03-30 11:56:30.243494,2026-03-30 11:56:30.243494,4120102008,RENOVACION FACTURACION ONLINE PAQ. 25 TRANSACCIONES (2 ANOS),2 ANOS,SISTEMA DE FACTURACION, MINI, 
2026-03-30 11:56:30.243494,2026-03-30 11:56:30.243494,4160101001,FACTURACION ONLINE PAQ. 25 TRANSACCIONES (1 ANO),1 ANO,SISTEMA DE FACTURACION, MINI, 
2026-03-30 11:56:30.243494,2026-03-30 11:56:30.243494,4830402001,FACTURACION ONLINE PAQ. 25 TRANSACCIONES (6 MESES),6 MESES,SISTEMA DE FACTURACION, MINI, 
2026-03-30 11:56:30.243494,2026-03-30 11:56:30.243494,4830402002,FACTURACION ONLINE PAQ. 25 TRANSACCIONES (1 ANO),1 ANO,SISTEMA DE FACTURACION, MINI, 
2026-03-30 11:56:30.243494,2026-03-30 11:56:30.243494,4830402003,FACTURACION ONLINE PAQ. 25 TRANSACCIONES (2 ANOS),2 ANOS,SISTEMA DE FACTURACION, MINI, 
2026-03-30 11:56:30.243494,2026-03-30 11:56:30.243494,4880209001,RENOVACION FACTURACION ONLINE PAQ. 25 TRANSACCIONES (1 ANO),1 ANO,SISTEMA DE FACTURACION, MINI, 
2026-03-30 11:56:30.243494,2026-03-30 11:56:30.243494,4160102002,RENOVACION FACTURACION ONLINE PAQ. 25 TRANSACCIONES (1 ANO),1 ANO,SISTEMA DE FACTURACION, MINI, 
2026-03-30 11:56:30.243494,2026-03-30 11:56:30.243494,4120102011,RENOVACION FACT. ONLINE 350 TRANSACC. (2 ANOS),2 ANOS,SISTEMA DE FACTURACION, ESTANDAR, 
2026-03-30 11:56:30.243494,2026-03-30 11:56:30.243494,4880209004,RENOVACION FACT. ONLINE 350 TRANSACC. (1 ANO),1 ANO,SISTEMA DE FACTURACION, ESTANDAR, 
2026-03-30 11:56:30.243494,2026-03-30 11:56:30.243494,4120101009,FACTURACION ONLINE PAQ. 350 TRANSACCIONES (2 ANOS),2 ANOS,SISTEMA DE FACTURACION, ESTANDAR, 
2026-03-30 11:56:30.243494,2026-03-30 11:56:30.243494,4160101004,FACT. ONLINE 350 TRANSACC. (1 ANO),1 ANO,SISTEMA DE FACTURACION, ESTANDAR, 
2026-03-30 11:56:30.243494,2026-03-30 11:56:30.243494,4160102005,RENOVACION FACT. ONLINE 350 TRANSACC. (1 ANO),1 ANO,SISTEMA DE FACTURACION, ESTANDAR, 
2026-03-30 11:56:30.243494,2026-03-30 11:56:30.243494,4160101003,FACTURACION ONLINE PAQ. 150 TRANSACCIONES (1 ANO),1 ANO,SISTEMA DE FACTURACION, ESENCIAL, 
2026-03-30 11:56:30.243494,2026-03-30 11:56:30.243494,4160102004,RENOVACION FACTURACION ONLINE PAQ. 150 TRANSACCIONES (1 ANO),1 ANO,SISTEMA DE FACTURACION, ESENCIAL, 
2026-03-30 11:56:30.243494,2026-03-30 11:56:30.243494,4120102010,RENOVACION FACTURACION ONLINE PAQ. 150 TRANSACCIONES (2 ANOS),2 ANOS,SISTEMA DE FACTURACION, ESENCIAL, 
2026-03-30 11:56:30.243494,2026-03-30 11:56:30.243494,4830402013,FACTURACION ONLINE PAQ. 150 TRANSACCIONES (6 MESES),6 MESES,SISTEMA DE FACTURACION, ESENCIAL, 
2026-03-30 11:56:30.243494,2026-03-30 11:56:30.243494,4830402014,FACTURACION ONLINE PAQ. 150 TRANSACCIONES (1 ANO),1 ANO,SISTEMA DE FACTURACION, ESENCIAL, 
2026-03-30 11:56:30.243494,2026-03-30 11:56:30.243494,4830402015,FACTURACION ONLINE PAQ. 150 TRANSACCIONES (2 ANOS),2 ANOS,SISTEMA DE FACTURACION, ESENCIAL, 
2026-03-30 11:56:30.243494,2026-03-30 11:56:30.243494,4880209003,RENOVACION FACTURACION ONLINE PAQ. 150 TRANSACCIONES (1 ANO),1 ANO,SISTEMA DE FACTURACION, ESENCIAL, 
2026-03-30 11:56:30.243494,2026-03-30 11:56:30.243494,4830402009,FACTURACION ONLINE PAQ. 75 TRANSACCIONES (2 ANOS),2 ANOS,SISTEMA DE FACTURACION, BASICO, 
2026-03-30 11:56:30.243494,2026-03-30 11:56:30.243494,4160102003,RENOVACION FACTURACION ONLINE PAQ. 75 TRANSACCIONES (1 ANO),1 ANO,SISTEMA DE FACTURACION, BASICO, 
2026-03-30 11:56:30.243494,2026-03-30 11:56:30.243494,4830402008,FACTURACION ONLINE PAQ. 75 TRANSACCIONES (1 ANO),1 ANO,SISTEMA DE FACTURACION, BASICO, 
2026-03-30 11:56:30.243494,2026-03-30 11:56:30.243494,4830402007,FACTURACION ONLINE PAQ. 75 TRANSACCIONES (6 MESES),6 MESES,SISTEMA DE FACTURACION, BASICO, 
2026-03-30 11:56:30.243494,2026-03-30 11:56:30.243494,4880209002,RENOVACION FACTURACION ONLINE PAQ. 75 TRANSACCIONES (1 ANO),1 ANO,SISTEMA DE FACTURACION, BASICO, 
2026-03-30 11:56:30.243494,2026-03-30 11:56:30.243494,4160101002,FACTURACION ONLINE PAQ. 75 TRANSACCIONES (1 ANO),1 ANO,SISTEMA DE FACTURACION, BASICO, 
2026-03-30 11:56:30.243494,2026-03-30 11:56:30.243494,4120102009,RENOVACION FACTURACION ONLINE PAQ. 75 TRANSACCIONES (2 ANOS),2 ANOS,SISTEMA DE FACTURACION, BASICO, 
2026-03-30 11:56:30.243494,2026-03-30 11:56:30.243494,4830402026,FACTURACION ONLINE PAQ. 750 TRANSACCIONES (1 ANO),1 ANO,SISTEMA DE FACTURACION, 750 TRANSACC, 
2026-03-30 11:56:30.243494,2026-03-30 11:56:30.243494,4830402027,FACTURACION ONLINE PAQ. 750 TRANSACCIONES (2 ANOS),2 ANOS,SISTEMA DE FACTURACION, 750 TRANSACC, 
2026-03-30 11:56:30.243494,2026-03-30 11:56:30.243494,4830402025,FACTURACION ONLINE PAQ. 750 TRANSACCIONES (6 MESES),6 MESES,SISTEMA DE FACTURACION, 750 TRANSACC, 
2026-03-30 11:56:30.243494,2026-03-30 11:56:30.243494,4830402054,FACTURACION ONLINE PAQ. 600 TRANSACCIONES (2 ANOS),2 ANOS,SISTEMA DE FACTURACION, 600 TRANSACC, 
2026-03-30 11:56:30.243494,2026-03-30 11:56:30.243494,4830402053,FACTURACION ONLINE PAQ. 600 TRANSACCIONES (1 ANO),1 ANO,SISTEMA DE FACTURACION, 600 TRANSACC, 
2026-03-30 11:56:30.243494,2026-03-30 11:56:30.243494,4830402047,FACTURACION ONLINE PAQ. 5000 TRANSACCIONES (1 ANO),1 ANO,SISTEMA DE FACTURACION, 5000 TRANSACC, 
2026-03-30 11:56:30.243494,2026-03-30 11:56:30.243494,4830402048,FACTURACION ONLINE PAQ. 5000 TRANSACCIONES (2 ANOS),2 ANOS,SISTEMA DE FACTURACION, 5000 TRANSACC, 
2026-03-30 11:56:30.243494,2026-03-30 11:56:30.243494,4830402046,FACTURACION ONLINE PAQ. 5000 TRANSACCIONES (6 MESES),6 MESES,SISTEMA DE FACTURACION, 5000 TRANSACC, 
2026-03-30 11:56:30.243494,2026-03-30 11:56:30.243494,4830402024,FACTURACION ONLINE PAQ. 500 TRANSACCIONES (2 ANOS),2 ANOS,SISTEMA DE FACTURACION, 500 TRANSACC, 
2026-03-30 11:56:30.243494,2026-03-30 11:56:30.243494,4830402022,FACTURACION ONLINE PAQ. 500 TRANSACCIONES (6 MESES),6 MESES,SISTEMA DE FACTURACION, 500 TRANSACC, 
2026-03-30 11:56:30.243494,2026-03-30 11:56:30.243494,4830402023,FACTURACION ONLINE PAQ. 500 TRANSACCIONES (1 ANO),1 ANO,SISTEMA DE FACTURACION, 500 TRANSACC, 
2026-03-30 11:56:30.243494,2026-03-30 11:56:30.243494,4830402006,FACTURACION ONLINE PAQ. 50 TRANSACCIONES (2 ANOS),2 ANOS,SISTEMA DE FACTURACION, 50 TRANSACC, 
2026-03-30 11:56:30.243494,2026-03-30 11:56:30.243494,4830402005,FACTURACION ONLINE PAQ. 50 TRANSACCIONES (1 ANO),1 ANO,SISTEMA DE FACTURACION, 50 TRANSACC, 
2026-03-30 11:56:30.243494,2026-03-30 11:56:30.243494,4830402004,FACTURACION ONLINE PAQ. 50 TRANSACCIONES (6 MESES),6 MESES,SISTEMA DE FACTURACION, 50 TRANSACC, 
2026-03-30 11:56:30.243494,2026-03-30 11:56:30.243494,4830402045,FACTURACION ONLINE PAQ. 3000 TRANSACCIONES (2 ANOS),2 ANOS,SISTEMA DE FACTURACION, 3000 TRANSACC, 
2026-03-30 11:56:30.243494,2026-03-30 11:56:30.243494,4830402043,FACTURACION ONLINE PAQ. 3000 TRANSACCIONES (6 MESES),6 MESES,SISTEMA DE FACTURACION, 3000 TRANSACC, 
2026-03-30 11:56:30.243494,2026-03-30 11:56:30.243494,4830402044,FACTURACION ONLINE PAQ. 3000 TRANSACCIONES (1 ANO),1 ANO,SISTEMA DE FACTURACION, 3000 TRANSACC, 
2026-03-30 11:56:30.243494,2026-03-30 11:56:30.243494,4830402021,FACTURACION ONLINE PAQ. 300 TRANSACCIONES (2 ANOS),2 ANOS,SISTEMA DE FACTURACION, 300 TRANSACC, 
2026-03-30 11:56:30.243494,2026-03-30 11:56:30.243494,4830402020,FACTURACION ONLINE PAQ. 300 TRANSACCIONES (1 ANO),1 ANO,SISTEMA DE FACTURACION, 300 TRANSACC, 
2026-03-30 11:56:30.243494,2026-03-30 11:56:30.243494,4830402019,FACTURACION ONLINE PAQ. 300 TRANSACCIONES (6 MESES),6 MESES,SISTEMA DE FACTURACION, 300 TRANSACC, 
2026-03-30 11:56:30.243494,2026-03-30 11:56:30.243494,4830402042,FACTURACION ONLINE PAQ. 2000 TRANSACCIONES (2 ANOS),2 ANOS,SISTEMA DE FACTURACION, 2000 TRANSACC, 
2026-03-30 11:56:30.243494,2026-03-30 11:56:30.243494,4830402041,FACTURACION ONLINE PAQ. 2000 TRANSACCIONES (1 ANO),1 ANO,SISTEMA DE FACTURACION, 2000 TRANSACC, 
2026-03-30 11:56:30.243494,2026-03-30 11:56:30.243494,4830402040,FACTURACION ONLINE PAQ. 2000 TRANSACCIONES (6 MESES),6 MESES,SISTEMA DE FACTURACION, 2000 TRANSACC, 
2026-03-30 11:56:30.243494,2026-03-30 11:56:30.243494,4830402018,FACTURACION ONLINE PAQ. 200 TRANSACCIONES (2 ANOS),2 ANOS,SISTEMA DE FACTURACION, 200 TRANSACC, 
2026-03-30 11:56:30.243494,2026-03-30 11:56:30.243494,4830402017,FACTURACION ONLINE PAQ. 200 TRANSACCIONES (1 ANO),1 ANO,SISTEMA DE FACTURACION, 200 TRANSACC, 
2026-03-30 11:56:30.243494,2026-03-30 11:56:30.243494,4830402016,FACTURACION ONLINE PAQ. 200 TRANSACCIONES (6 MESES),6 MESES,SISTEMA DE FACTURACION, 200 TRANSACC, 
2026-03-30 11:56:30.243494,2026-03-30 11:56:30.243494,4830402038,FACTURACION ONLINE PAQ. 1750 TRANSACCIONES (1 ANO),1 ANO,SISTEMA DE FACTURACION, 1750 TRANSACC, 
2026-03-30 11:56:30.243494,2026-03-30 11:56:30.243494,4830402037,FACTURACION ONLINE PAQ. 1750 TRANSACCIONES (6 MESES),6 MESES,SISTEMA DE FACTURACION, 1750 TRANSACC, 
2026-03-30 11:56:30.243494,2026-03-30 11:56:30.243494,4830402039,FACTURACION ONLINE PAQ. 1750 TRANSACCIONES (2 ANOS),2 ANOS,SISTEMA DE FACTURACION, 1750 TRANSACC, 
2026-03-30 11:56:30.243494,2026-03-30 11:56:30.243494,4830402055,FACTURACION ONLINE PAQ. 15000 TRANSACCIONES (2 ANOS),2 ANOS,SISTEMA DE FACTURACION, 15000 TRANSACC, 
2026-03-30 11:56:30.243494,2026-03-30 11:56:30.243494,4830402035,FACTURACION ONLINE PAQ. 1500 TRANSACCIONES (1 ANO),1 ANO,SISTEMA DE FACTURACION, 1500 TRANSACC, 
2026-03-30 11:56:30.243494,2026-03-30 11:56:30.243494,4830402034,FACTURACION ONLINE PAQ. 1500 TRANSACCIONES (6 MESES),6 MESES,SISTEMA DE FACTURACION, 1500 TRANSACC, 
2026-03-30 11:56:30.243494,2026-03-30 11:56:30.243494,4830402036,FACTURACION ONLINE PAQ. 1500 TRANSACCIONES (2 ANOS),2 ANOS,SISTEMA DE FACTURACION, 1500 TRANSACC, 
2026-03-30 11:56:30.243494,2026-03-30 11:56:30.243494,4830402031,FACTURACION ONLINE PAQ. 1250 TRANSACCIONES (6 MESES),6 MESES,SISTEMA DE FACTURACION, 1250 TRANSACC, 
2026-03-30 11:56:30.243494,2026-03-30 11:56:30.243494,4830402033,FACTURACION ONLINE PAQ. 1250 TRANSACCIONES (2 ANOS),2 ANOS,SISTEMA DE FACTURACION, 1250 TRANSACC, 
2026-03-30 11:56:30.243494,2026-03-30 11:56:30.243494,4830402032,FACTURACION ONLINE PAQ. 1250 TRANSACCIONES (1 ANO),1 ANO,SISTEMA DE FACTURACION, 1250 TRANSACC, 
2026-03-30 11:56:30.243494,2026-03-30 11:56:30.243494,4830402052,FACTURACION ONLINE PAQ. 12000 TRANSACCIONES (2 ANOS),2 ANOS,SISTEMA DE FACTURACION, 12000 TRANSACC, 
2026-03-30 11:56:30.243494,2026-03-30 11:56:30.243494,4830402056,FACTURACION ONLINE PAQ. 12000 TRANSACCIONES (1ANO),1 ANO,SISTEMA DE FACTURACION, 12000 TRANSACC, 
2026-03-30 11:56:30.243494,2026-03-30 11:56:30.243494,4830402049,FACTURACION ONLINE PAQ. 10000 TRANSACCIONES (6 MESES),6 MESES,SISTEMA DE FACTURACION, 10000 TRANSACC, 
2026-03-30 11:56:30.243494,2026-03-30 11:56:30.243494,4830402050,FACTURACION ONLINE PAQ. 10000 TRANSACCIONES (1 ANO),1 ANO,SISTEMA DE FACTURACION, 10000 TRANSACC, 
2026-03-30 11:56:30.243494,2026-03-30 11:56:30.243494,4830402051,FACTURACION ONLINE PAQ. 10000 TRANSACCIONES (2 ANOS),2 ANOS,SISTEMA DE FACTURACION, 10000 TRANSACC, 
2026-03-30 11:56:30.243494,2026-03-30 11:56:30.243494,4830402030,FACTURACION ONLINE PAQ. 1000 TRANSACCIONES (2 ANOS),2 ANOS,SISTEMA DE FACTURACION, 1000 TRANSACC, 
2026-03-30 11:56:30.243494,2026-03-30 11:56:30.243494,4830402029,FACTURACION ONLINE PAQ. 1000 TRANSACCIONES (1 ANO),1 ANO,SISTEMA DE FACTURACION, 1000 TRANSACC, 
2026-03-30 11:56:30.243494,2026-03-30 11:56:30.243494,4830402028,FACTURACION ONLINE PAQ. 1000 TRANSACCIONES (6 MESES),6 MESES,SISTEMA DE FACTURACION, 1000 TRANSACC, 
2026-03-30 11:56:30.243494,2026-03-30 11:56:30.243494,4830402010,FACTURACION ONLINE PAQ. 100 TRANSACCIONES (6 MESES),6 MESES,SISTEMA DE FACTURACION, 100 TRANSACC, 
2026-03-30 11:56:30.243494,2026-03-30 11:56:30.243494,4830402011,FACTURACION ONLINE PAQ. 100 TRANSACCIONES (1 ANO),1 ANO,SISTEMA DE FACTURACION, 100 TRANSACC, 
2026-03-30 11:56:30.243494,2026-03-30 11:56:30.243494,4830402012,FACTURACION ONLINE PAQ. 100 TRANSACCIONES (2 ANOS),2 ANOS,SISTEMA DE FACTURACION, 100 TRANSACC, 
